ranking,customer_name,propensity_score,faixa_propensao,percentil_score,recencia_dias,frequencia_pedidos,valor_total_gasto,ticket_medio,data_ultima_compra,segment,market
1,Sharelle Roach,0.8479,Alta Propensão (Foco em Conversão),10,8,24,13005.0,541.88,2014-12-23,Home Office,EU
2,Sibella Parks,0.8341,Alta Propensão (Foco em Conversão),10,16,24,7221.0,300.88,2014-12-15,Corporate,LATAM
3,Robert Barroso,0.8297,Alta Propensão (Foco em Conversão),10,150,25,6256.0,250.24,2014-08-03,Corporate,LATAM
4,Vivian Mathis,0.8218,Alta Propensão (Foco em Conversão),10,8,23,3891.0,169.17,2014-12-23,Consumer,APAC
5,Corinna Mitchell,0.8127,Alta Propensão (Foco em Conversão),10,27,30,15580.0,519.33,2014-12-04,Home Office,EMEA
6,David Bremer,0.8049,Alta Propensão (Foco em Conversão),10,5,20,6275.0,313.75,2014-12-26,Corporate,US
7,Candace McMahon,0.7974,Alta Propensão (Foco em Conversão),10,40,28,14798.0,528.5,2014-11-21,Corporate,LATAM
8,Roland Fjeld,0.7851,Alta Propensão (Foco em Conversão),10,1,26,13090.0,503.46,2014-12-30,Consumer,APAC
9,Sean Braxton,0.7829,Alta Propensão (Foco em Conversão),10,41,27,20514.0,759.78,2014-11-20,Corporate,US
10,Roland Murray,0.7779,Alta Propensão (Foco em Conversão),10,16,26,7403.0,284.73,2014-12-15,Consumer,LATAM
11,Fred McMath,0.7778,Alta Propensão (Foco em Conversão),10,1,27,7441.0,275.59,2014-12-30,Consumer,US
12,Erin Creighton,0.7714,Alta Propensão (Foco em Conversão),10,53,26,6731.0,258.88,2014-11-08,Consumer,LATAM
13,Michael Oakman,0.7672,Alta Propensão (Foco em Conversão),10,6,17,5464.0,321.41,2014-12-25,Consumer,EU
14,Joni Sundaresam,0.7574,Alta Propensão (Foco em Conversão),10,5,28,6809.0,243.18,2014-12-26,Home Office,EMEA
15,Larry Hughes,0.7547,Alta Propensão (Foco em Conversão),10,12,27,8693.0,321.96,2014-12-19,Consumer,LATAM
16,Jack Garza,0.7529,Alta Propensão (Foco em Conversão),10,5,28,15708.0,561.0,2014-12-26,Consumer,LATAM
17,Grant Thornton,0.7427,Alta Propensão (Foco em Conversão),10,9,27,20226.0,749.11,2014-12-22,Corporate,EU
18,Toby Ritter,0.7275,Alta Propensão (Foco em Conversão),10,1,26,12427.0,477.96,2014-12-30,Consumer,APAC
19,Karen Seio,0.7274,Alta Propensão (Foco em Conversão),10,35,25,5325.0,213.0,2014-11-26,Corporate,EU
20,Catherine Glotzbach,0.7249,Alta Propensão (Foco em Conversão),10,21,24,4116.0,171.5,2014-12-10,Home Office,APAC
21,Sean Wendt,0.7184,Alta Propensão (Foco em Conversão),10,12,30,8168.0,272.27,2014-12-19,Home Office,EU
22,Phillina Ober,0.7177,Alta Propensão (Foco em Conversão),10,33,29,19099.0,658.59,2014-11-28,Home Office,Africa
23,David Flashing,0.7154,Alta Propensão (Foco em Conversão),10,9,22,11540.0,524.55,2014-12-22,Consumer,APAC
24,Bill Overfelt,0.7118,Alta Propensão (Foco em Conversão),10,21,26,8093.0,311.27,2014-12-10,Corporate,APAC
25,Henia Zydlo,0.7117,Alta Propensão (Foco em Conversão),10,35,28,12487.0,445.96,2014-11-26,Consumer,EU
26,Don Weiss,0.7093,Alta Propensão (Foco em Conversão),10,12,24,14384.0,599.33,2014-12-19,Consumer,EU
27,Eileen Kiefer,0.7075,Alta Propensão (Foco em Conversão),10,44,23,7124.0,309.74,2014-11-17,Home Office,EU
28,Andy Gerbode,0.706,Alta Propensão (Foco em Conversão),10,12,27,11339.0,419.96,2014-12-19,Corporate,EU
29,Anna Chung,0.7046,Alta Propensão (Foco em Conversão),10,2,25,8932.0,357.28,2014-12-29,Consumer,LATAM
30,Susan Gilcrest,0.7036,Alta Propensão (Foco em Conversão),10,16,28,12686.0,453.07,2014-12-15,Corporate,EU
31,Dianna Arnett,0.703,Alta Propensão (Foco em Conversão),10,13,29,15248.0,525.79,2014-12-18,Home Office,APAC
32,Jessica Myrick,0.702,Alta Propensão (Foco em Conversão),10,14,25,7789.0,311.56,2014-12-17,Consumer,APAC
33,Roy Collins,0.7019,Alta Propensão (Foco em Conversão),10,118,26,7956.0,306.0,2014-09-04,Consumer,LATAM
34,Michael Nguyen,0.6927,Média Propensão (Foco em Nutrição),10,8,27,15047.0,557.3,2014-12-23,Consumer,LATAM
35,Tamara Dahlen,0.6925,Média Propensão (Foco em Nutrição),10,0,28,7704.0,275.14,2014-12-31,Consumer,US
36,Vivek Sundaresam,0.6896,Média Propensão (Foco em Nutrição),10,22,22,11413.0,518.77,2014-12-09,Consumer,APAC
37,Edward Nazzal,0.6894,Média Propensão (Foco em Nutrição),10,14,28,7072.0,252.57,2014-12-17,Consumer,APAC
38,Adrian Shami,0.6884,Média Propensão (Foco em Nutrição),10,41,24,11287.0,470.29,2014-11-20,Home Office,APAC
39,Julie Creighton,0.6874,Média Propensão (Foco em Nutrição),10,57,34,14996.0,441.06,2014-11-04,Corporate,EU
40,Shirley Schmidt,0.6873,Média Propensão (Foco em Nutrição),10,0,22,7903.0,359.23,2014-12-31,Home Office,LATAM
41,Evan Bailliet,0.6813,Média Propensão (Foco em Nutrição),10,19,29,8006.0,276.07,2014-12-12,Consumer,LATAM
42,Matt Hagelstein,0.6808,Média Propensão (Foco em Nutrição),10,23,27,12217.0,452.48,2014-12-08,Corporate,LATAM
43,Allen Goldenen,0.6775,Média Propensão (Foco em Nutrição),10,112,23,8928.0,388.17,2014-09-10,Consumer,LATAM
44,Patrick Jones,0.6772,Média Propensão (Foco em Nutrição),10,39,25,14442.0,577.68,2014-11-22,Corporate,US
45,Luke Foster,0.6751,Média Propensão (Foco em Nutrição),10,22,27,13422.0,497.11,2014-12-09,Consumer,EU
46,Cindy Stewart,0.674,Média Propensão (Foco em Nutrição),10,27,23,13432.0,584.0,2014-12-04,Consumer,LATAM
47,Katherine Ducich,0.6729,Média Propensão (Foco em Nutrição),10,41,21,11696.0,556.95,2014-11-20,Consumer,APAC
48,Duane Noonan,0.6709,Média Propensão (Foco em Nutrição),10,12,29,14915.0,514.31,2014-12-19,Consumer,Africa
49,Justin Deggeller,0.6706,Média Propensão (Foco em Nutrição),10,0,34,23618.0,694.65,2014-12-31,Corporate,US
50,Kalyca Meade,0.6665,Média Propensão (Foco em Nutrição),10,0,21,8643.0,411.57,2014-12-31,Corporate,US
51,Skye Norling,0.666,Média Propensão (Foco em Nutrição),10,13,31,14225.0,458.87,2014-12-18,Home Office,US
52,Bobby Odegard,0.6658,Média Propensão (Foco em Nutrição),10,1,29,15029.0,518.24,2014-12-30,Consumer,EU
53,Tom Prescott,0.6657,Média Propensão (Foco em Nutrição),10,48,26,12874.0,495.15,2014-11-13,Consumer,APAC
54,Paul Knutson,0.6652,Média Propensão (Foco em Nutrição),10,98,20,8232.0,411.6,2014-09-24,Home Office,LATAM
55,Craig Molinari,0.6644,Média Propensão (Foco em Nutrição),10,41,26,11230.0,431.92,2014-11-20,Corporate,US
56,Michelle Tran,0.6632,Média Propensão (Foco em Nutrição),10,127,31,17779.0,573.52,2014-08-26,Home Office,APAC
57,Rob Haberlin,0.6632,Média Propensão (Foco em Nutrição),10,6,29,7970.0,274.83,2014-12-25,Consumer,EU
58,Jesus Ocampo,0.663,Média Propensão (Foco em Nutrição),10,12,28,8209.0,293.18,2014-12-19,Home Office,APAC
59,Sean Miller,0.6619,Média Propensão (Foco em Nutrição),10,21,28,35170.0,1256.07,2014-12-10,Home Office,US
60,Christopher Schild,0.6611,Média Propensão (Foco em Nutrição),10,1,28,12516.0,447.0,2014-12-30,Home Office,US
61,Shaun Chance,0.6604,Média Propensão (Foco em Nutrição),10,9,29,9610.0,331.38,2014-12-22,Corporate,LATAM
62,Helen Abelman,0.6595,Média Propensão (Foco em Nutrição),10,13,28,16930.0,604.64,2014-12-18,Consumer,APAC
63,Denise Monton,0.659,Média Propensão (Foco em Nutrição),10,2,33,22051.0,668.21,2014-12-29,Corporate,EU
64,Theresa Swint,0.6581,Média Propensão (Foco em Nutrição),10,8,27,7936.0,293.93,2014-12-23,Corporate,US
65,Barry Franz,0.6557,Média Propensão (Foco em Nutrição),10,8,27,24082.0,891.93,2014-12-23,Home Office,APAC
66,Thais Sissman,0.6547,Média Propensão (Foco em Nutrição),10,41,27,6787.0,251.37,2014-11-20,Consumer,LATAM
67,Sung Pak,0.6519,Média Propensão (Foco em Nutrição),10,54,28,13496.0,482.0,2014-11-07,Corporate,US
68,Stuart Calhoun,0.6517,Média Propensão (Foco em Nutrição),10,30,26,11409.0,438.81,2014-12-01,Consumer,EU
69,Christy Brittain,0.6517,Média Propensão (Foco em Nutrição),10,26,27,13938.0,516.22,2014-12-05,Consumer,LATAM
70,Sally Knutson,0.6497,Média Propensão (Foco em Nutrição),10,8,26,13292.0,511.23,2014-12-23,Consumer,LATAM
71,Jill Stevenson,0.6483,Média Propensão (Foco em Nutrição),10,5,24,10142.0,422.58,2014-12-26,Corporate,APAC
72,Daniel Lacy,0.6465,Média Propensão (Foco em Nutrição),10,37,28,12201.0,435.75,2014-11-24,Consumer,LATAM
73,Jeremy Lonsdale,0.6447,Média Propensão (Foco em Nutrição),10,30,25,11362.0,454.48,2014-12-01,Consumer,US
74,Jocasta Rupert,0.6446,Média Propensão (Foco em Nutrição),10,7,24,11242.0,468.42,2014-12-24,Consumer,APAC
75,Greg Maxwell,0.6434,Média Propensão (Foco em Nutrição),10,47,26,15355.0,590.58,2014-11-14,Corporate,APAC
76,Janet Lee,0.6418,Média Propensão (Foco em Nutrição),10,1,28,20479.0,731.39,2014-12-30,Consumer,APAC
77,Stefanie Holloman,0.6415,Média Propensão (Foco em Nutrição),10,30,29,14205.0,489.83,2014-12-01,Corporate,LATAM
78,Roy Skaria,0.6409,Média Propensão (Foco em Nutrição),10,19,28,8121.0,290.04,2014-12-12,Home Office,LATAM
79,John Dryer,0.6405,Média Propensão (Foco em Nutrição),10,15,29,11591.0,399.69,2014-12-16,Consumer,APAC
80,Nick Crebassa,0.6402,Média Propensão (Foco em Nutrição),10,6,29,12302.0,424.21,2014-12-25,Corporate,US
81,Jas O'Carroll,0.6381,Média Propensão (Foco em Nutrição),9,14,25,8819.0,352.76,2014-12-17,Consumer,LATAM
82,Fred Harton,0.6361,Média Propensão (Foco em Nutrição),9,1,23,10766.0,468.09,2014-12-30,Consumer,US
83,Valerie Mitchum,0.6338,Média Propensão (Foco em Nutrição),9,13,38,14567.0,383.34,2014-12-18,Home Office,LATAM
84,Don Miller,0.6334,Média Propensão (Foco em Nutrição),9,35,25,11836.0,473.44,2014-11-26,Corporate,LATAM
85,Bart Folk,0.6322,Média Propensão (Foco em Nutrição),9,25,27,13942.0,516.37,2014-12-06,Consumer,APAC
86,Hilary Holden,0.6319,Média Propensão (Foco em Nutrição),9,54,27,15229.0,564.04,2014-11-07,Corporate,APAC
87,Emily Burns,0.6316,Média Propensão (Foco em Nutrição),9,15,24,7037.0,293.21,2014-12-16,Consumer,US
88,Pauline Johnson,0.6295,Média Propensão (Foco em Nutrição),9,19,30,15845.0,528.17,2014-12-12,Consumer,LATAM
89,Craig Carroll,0.6292,Média Propensão (Foco em Nutrição),9,54,25,16815.0,672.6,2014-11-07,Consumer,EU
90,Victoria Brennan,0.6289,Média Propensão (Foco em Nutrição),9,4,25,10745.0,429.8,2014-12-27,Corporate,APAC
91,Pauline Chand,0.6277,Média Propensão (Foco em Nutrição),9,21,22,10633.0,483.32,2014-12-10,Home Office,APAC
92,Dorothy Badders,0.6265,Média Propensão (Foco em Nutrição),9,5,25,10384.0,415.36,2014-12-26,Corporate,US
93,Lindsay Castell,0.6255,Média Propensão (Foco em Nutrição),9,2,30,14301.0,476.7,2014-12-29,Home Office,EU
94,Philip Brown,0.6255,Média Propensão (Foco em Nutrição),9,5,43,11386.0,264.79,2014-12-26,Consumer,LATAM
95,Greg Matthias,0.6244,Média Propensão (Foco em Nutrição),9,1,37,13600.0,367.57,2014-12-30,Consumer,APAC
96,Darrin Van Huff,0.6243,Média Propensão (Foco em Nutrição),9,19,37,22749.0,614.84,2014-12-12,Corporate,EMEA
97,Randy Ferguson,0.6223,Média Propensão (Foco em Nutrição),9,6,32,16598.0,518.69,2014-12-25,Corporate,US
98,Pamela Coakley,0.6222,Média Propensão (Foco em Nutrição),9,2,26,11940.0,459.23,2014-12-29,Corporate,APAC
99,Bradley Nguyen,0.6219,Média Propensão (Foco em Nutrição),9,9,31,12878.0,415.42,2014-12-22,Consumer,US
100,Eleni McCrary,0.6218,Média Propensão (Foco em Nutrição),9,58,29,14584.0,502.9,2014-11-03,Corporate,LATAM
101,Brian Thompson,0.6206,Média Propensão (Foco em Nutrição),9,18,26,14896.0,572.92,2014-12-13,Consumer,US
102,Carlos Soltero,0.6205,Média Propensão (Foco em Nutrição),9,25,36,14936.0,414.89,2014-12-06,Consumer,US
103,Michael Granlund,0.6177,Média Propensão (Foco em Nutrição),9,5,30,13185.0,439.5,2014-12-26,Home Office,EU
104,Sung Shariari,0.6171,Média Propensão (Foco em Nutrição),9,14,25,5331.0,213.24,2014-12-17,Consumer,US
105,Liz MacKendrick,0.6171,Média Propensão (Foco em Nutrição),9,7,22,15531.0,705.95,2014-12-24,Consumer,APAC
106,Sarah Bern,0.6169,Média Propensão (Foco em Nutrição),9,2,20,14603.0,730.15,2014-12-29,Consumer,APAC
107,John Lucas,0.6164,Média Propensão (Foco em Nutrição),9,44,26,10503.0,403.96,2014-11-17,Consumer,US
108,Liz Willingham,0.6162,Média Propensão (Foco em Nutrição),9,33,25,8045.0,321.8,2014-11-28,Consumer,EU
109,Christopher Martinez,0.616,Média Propensão (Foco em Nutrição),9,37,29,22460.0,774.48,2014-11-24,Consumer,APAC
110,Lisa Hazard,0.6159,Média Propensão (Foco em Nutrição),9,41,21,9164.0,436.38,2014-11-20,Consumer,LATAM
111,Luke Schmidt,0.6153,Média Propensão (Foco em Nutrição),9,15,28,15599.0,557.11,2014-12-16,Corporate,APAC
112,Carl Weiss,0.6144,Média Propensão (Foco em Nutrição),9,8,29,14357.0,495.07,2014-12-23,Home Office,EU
113,Bryan Spruell,0.614,Média Propensão (Foco em Nutrição),9,9,30,17253.0,575.1,2014-12-22,Home Office,EU
114,Darren Budd,0.6127,Média Propensão (Foco em Nutrição),9,57,15,9681.0,645.4,2014-11-04,Corporate,US
115,Brenda Bowman,0.6122,Média Propensão (Foco em Nutrição),9,28,31,16007.0,516.35,2014-12-03,Corporate,EU
116,Guy Phonely,0.6119,Média Propensão (Foco em Nutrição),9,1,33,15403.0,466.76,2014-12-30,Corporate,EMEA
117,Chris Selesnick,0.6119,Média Propensão (Foco em Nutrição),9,2,34,14418.0,424.06,2014-12-29,Corporate,US
118,Brendan Dodson,0.6116,Média Propensão (Foco em Nutrição),9,7,24,10920.0,455.0,2014-12-24,Home Office,EU
119,Larry Tron,0.6113,Média Propensão (Foco em Nutrição),9,6,34,18619.0,547.62,2014-12-25,Consumer,LATAM
120,John Stevenson,0.6101,Média Propensão (Foco em Nutrição),9,11,26,12189.0,468.81,2014-12-20,Consumer,APAC
121,Dianna Vittorini,0.6078,Média Propensão (Foco em Nutrição),9,13,25,16951.0,678.04,2014-12-18,Consumer,LATAM
122,Maureen Gastineau,0.6074,Média Propensão (Foco em Nutrição),9,36,37,20363.0,550.35,2014-11-25,Home Office,APAC
123,Gene Hale,0.6035,Média Propensão (Foco em Nutrição),9,51,25,15488.0,619.52,2014-11-10,Corporate,EU
124,Alan Haines,0.6031,Média Propensão (Foco em Nutrição),9,49,34,15281.0,449.44,2014-11-12,Corporate,LATAM
125,Christine Abelman,0.6023,Média Propensão (Foco em Nutrição),9,13,26,7803.0,300.12,2014-12-18,Corporate,US
126,Duane Benoit,0.6006,Média Propensão (Foco em Nutrição),9,12,23,13604.0,591.48,2014-12-19,Consumer,APAC
127,Matt Connell,0.6003,Média Propensão (Foco em Nutrição),9,49,28,13230.0,472.5,2014-11-12,Corporate,US
128,Annie Thurman,0.5995,Média Propensão (Foco em Nutrição),9,2,34,13385.0,393.68,2014-12-29,Consumer,US
129,Rick Reed,0.596,Média Propensão (Foco em Nutrição),9,0,34,16382.0,481.82,2014-12-31,Corporate,LATAM
130,Roger Barcio,0.5956,Média Propensão (Foco em Nutrição),9,16,28,15304.0,546.57,2014-12-15,Home Office,APAC
131,Joni Blumstein,0.5953,Média Propensão (Foco em Nutrição),9,9,27,13339.0,494.04,2014-12-22,Consumer,APAC
132,Aleksandra Gannaway,0.5947,Média Propensão (Foco em Nutrição),9,2,30,14715.0,490.5,2014-12-29,Corporate,EU
133,Pete Armstrong,0.5939,Média Propensão (Foco em Nutrição),9,23,27,10395.0,385.0,2014-12-08,Home Office,LATAM
134,Cynthia Voltz,0.593,Média Propensão (Foco em Nutrição),9,4,27,14857.0,550.26,2014-12-27,Corporate,US
135,Sample Company A,0.5926,Média Propensão (Foco em Nutrição),9,40,37,19129.0,517.0,2014-11-21,Home Office,LATAM
136,Matthew Grinstein,0.5922,Média Propensão (Foco em Nutrição),9,19,22,13017.0,591.68,2014-12-12,Home Office,APAC
137,Keith Herrera,0.5915,Média Propensão (Foco em Nutrição),9,15,33,16890.0,511.82,2014-12-16,Consumer,US
138,Hallie Redmond,0.5902,Média Propensão (Foco em Nutrição),9,13,26,15680.0,603.08,2014-12-18,Home Office,US
139,Bill Stewart,0.5898,Média Propensão (Foco em Nutrição),9,28,28,18776.0,670.57,2014-12-03,Corporate,LATAM
140,Tracy Hopkins,0.5895,Média Propensão (Foco em Nutrição),9,5,31,13095.0,422.42,2014-12-26,Home Office,LATAM
141,Andy Yotov,0.5893,Média Propensão (Foco em Nutrição),9,14,27,8542.0,316.37,2014-12-17,Corporate,EMEA
142,Mike Gockenbach,0.5891,Média Propensão (Foco em Nutrição),9,2,27,23378.0,865.85,2014-12-29,Consumer,LATAM
143,Anthony Garverick,0.5879,Média Propensão (Foco em Nutrição),9,28,35,11687.0,333.91,2014-12-03,Home Office,LATAM
144,Chad McGuire,0.5876,Média Propensão (Foco em Nutrição),9,8,23,16566.0,720.26,2014-12-23,Consumer,APAC
145,Kelly Lampkin,0.5875,Média Propensão (Foco em Nutrição),9,15,33,14248.0,431.76,2014-12-16,Corporate,US
146,Ken Heidel,0.5865,Média Propensão (Foco em Nutrição),9,8,32,9021.0,281.91,2014-12-23,Corporate,US
147,Clay Rozendal,0.5855,Média Propensão (Foco em Nutrição),9,22,25,11759.0,470.36,2014-12-09,Home Office,APAC
148,Andy Reiter,0.5848,Média Propensão (Foco em Nutrição),9,6,23,8545.0,371.52,2014-12-25,Consumer,US
149,Cindy Schnelling,0.5842,Média Propensão (Foco em Nutrição),9,2,33,12775.0,387.12,2014-12-29,Corporate,LATAM
150,Dean Katz,0.5835,Média Propensão (Foco em Nutrição),9,1,37,10652.0,287.89,2014-12-30,Corporate,US
151,Rick Bensley,0.5834,Média Propensão (Foco em Nutrição),9,0,39,20854.0,534.72,2014-12-31,Home Office,US
152,Claire Gute,0.5818,Média Propensão (Foco em Nutrição),9,28,25,14662.0,586.48,2014-12-03,Consumer,EU
153,Annie Zypern,0.5817,Média Propensão (Foco em Nutrição),9,26,28,11871.0,423.96,2014-12-05,Consumer,LATAM
154,Gary Mitchum,0.5817,Média Propensão (Foco em Nutrição),9,16,21,11011.0,524.33,2014-12-15,Home Office,APAC
155,Tanja Norvell,0.5817,Média Propensão (Foco em Nutrição),9,22,31,9595.0,309.52,2014-12-09,Home Office,LATAM
156,Neola Schneider,0.5811,Média Propensão (Foco em Nutrição),9,6,30,15801.0,526.7,2014-12-25,Consumer,LATAM
157,Jonathan Doherty,0.5809,Média Propensão (Foco em Nutrição),9,2,38,19481.0,512.66,2014-12-29,Corporate,US
158,Claudia Bergmann,0.5809,Média Propensão (Foco em Nutrição),9,7,29,18261.0,629.69,2014-12-24,Corporate,EU
159,Patrick Bzostek,0.5799,Média Propensão (Foco em Nutrição),9,8,28,14858.0,530.64,2014-12-23,Home Office,APAC
160,Alex Avila,0.5798,Média Propensão (Foco em Nutrição),8,2,26,15993.0,615.12,2014-12-29,Consumer,EU
161,Matt Abelman,0.5792,Média Propensão (Foco em Nutrição),8,64,28,12447.0,444.54,2014-10-28,Home Office,US
162,Nicole Fjeld,0.5779,Média Propensão (Foco em Nutrição),8,11,27,12268.0,454.37,2014-12-20,Home Office,LATAM
163,Tracy Collins,0.5774,Média Propensão (Foco em Nutrição),8,0,34,11099.0,326.44,2014-12-31,Home Office,LATAM
164,Nancy Lomonaco,0.5773,Média Propensão (Foco em Nutrição),8,25,27,10840.0,401.48,2014-12-06,Home Office,APAC
165,George Bell,0.5768,Média Propensão (Foco em Nutrição),8,33,30,12183.0,406.1,2014-11-28,Corporate,US
166,Anna Gayman,0.5767,Média Propensão (Foco em Nutrição),8,47,31,15392.0,496.52,2014-11-14,Consumer,Africa
167,Mary O'Rourke,0.5759,Média Propensão (Foco em Nutrição),8,36,29,11126.0,383.66,2014-11-25,Consumer,LATAM
168,Barry Französisch,0.5755,Média Propensão (Foco em Nutrição),8,15,31,13206.0,426.0,2014-12-16,Corporate,US
169,Richard Bierner,0.5752,Média Propensão (Foco em Nutrição),8,19,34,14797.0,435.21,2014-12-12,Consumer,LATAM
170,Sandra Glassco,0.574,Média Propensão (Foco em Nutrição),8,3,23,11853.0,515.35,2014-12-28,Consumer,APAC
171,Dorothy Wardle,0.5736,Média Propensão (Foco em Nutrição),8,5,41,12606.0,307.46,2014-12-26,Corporate,LATAM
172,Alex Grayson,0.5734,Média Propensão (Foco em Nutrição),8,2,36,15071.0,418.64,2014-12-29,Consumer,LATAM
173,Jennifer Jackson,0.5733,Média Propensão (Foco em Nutrição),8,19,25,12191.0,487.64,2014-12-12,Consumer,APAC
174,Jeremy Farry,0.5729,Média Propensão (Foco em Nutrição),8,4,37,10722.0,289.78,2014-12-27,Consumer,US
175,Shirley Jackson,0.5724,Média Propensão (Foco em Nutrição),8,175,29,13385.0,461.55,2014-07-09,Consumer,EU
176,Bruce Geld,0.5722,Média Propensão (Foco em Nutrição),8,6,28,15381.0,549.32,2014-12-25,Consumer,LATAM
177,Allen Rosenblatt,0.5718,Média Propensão (Foco em Nutrição),8,54,28,9529.0,340.32,2014-11-07,Corporate,EU
178,Kimberly Carter,0.5709,Média Propensão (Foco em Nutrição),8,2,26,13923.0,535.5,2014-12-29,Corporate,EU
179,Ritsa Hightower,0.5702,Média Propensão (Foco em Nutrição),8,7,29,17695.0,610.17,2014-12-24,Consumer,EMEA
180,Eugene Barchas,0.5697,Média Propensão (Foco em Nutrição),8,20,34,16085.0,473.09,2014-12-11,Consumer,EU
181,Neil Ducich,0.5693,Média Propensão (Foco em Nutrição),8,5,32,14780.0,461.88,2014-12-26,Corporate,LATAM
182,Marina Lichtenstein,0.5689,Média Propensão (Foco em Nutrição),8,0,32,15555.0,486.09,2014-12-31,Corporate,US
183,Lela Donovan,0.5678,Média Propensão (Foco em Nutrição),8,42,38,16181.0,425.82,2014-11-19,Corporate,LATAM
184,Marc Harrigan,0.5676,Média Propensão (Foco em Nutrição),8,37,28,15401.0,550.04,2014-11-24,Home Office,LATAM
185,Erin Mull,0.5675,Média Propensão (Foco em Nutrição),8,16,26,15321.0,589.27,2014-12-15,Consumer,APAC
186,Frank Atkinson,0.5668,Média Propensão (Foco em Nutrição),8,22,35,14350.0,410.0,2014-12-09,Corporate,EU
187,Ken Brennan,0.5667,Média Propensão (Foco em Nutrição),8,1,36,11465.0,318.47,2014-12-30,Corporate,APAC
188,Yoseph Carroll,0.5657,Média Propensão (Foco em Nutrição),8,4,31,20165.0,650.48,2014-12-27,Corporate,EU
189,Dorris liebe,0.5651,Média Propensão (Foco em Nutrição),8,5,30,14720.0,490.67,2014-12-26,Corporate,APAC
190,Zuschuss Donatelli,0.5644,Média Propensão (Foco em Nutrição),8,1,29,12434.0,428.76,2014-12-30,Consumer,EU
191,Mathew Reese,0.5633,Média Propensão (Foco em Nutrição),8,97,29,21575.0,743.97,2014-09-25,Home Office,EU
192,Matthew Clasen,0.563,Média Propensão (Foco em Nutrição),8,5,38,21805.0,573.82,2014-12-26,Corporate,LATAM
193,Pierre Wener,0.5627,Média Propensão (Foco em Nutrição),8,1,31,8422.0,271.68,2014-12-30,Consumer,LATAM
194,Sung Chung,0.5621,Média Propensão (Foco em Nutrição),8,8,28,11265.0,402.32,2014-12-23,Consumer,LATAM
195,Darren Powers,0.5619,Média Propensão (Foco em Nutrição),8,14,41,15980.0,389.76,2014-12-17,Consumer,EU
196,Cathy Hwang,0.5618,Média Propensão (Foco em Nutrição),8,89,29,15667.0,540.24,2014-10-03,Home Office,EU
197,Ken Dana,0.5607,Média Propensão (Foco em Nutrição),8,75,27,12553.0,464.93,2014-10-17,Corporate,LATAM
198,Ivan Liston,0.5607,Média Propensão (Foco em Nutrição),8,116,32,12853.0,401.66,2014-09-06,Consumer,LATAM
199,Tom Stivers,0.5595,Média Propensão (Foco em Nutrição),8,19,29,15345.0,529.14,2014-12-12,Corporate,APAC
200,Susan Vittorini,0.559,Média Propensão (Foco em Nutrição),8,0,31,15689.0,506.1,2014-12-31,Consumer,APAC
201,Astrea Jones,0.5587,Média Propensão (Foco em Nutrição),8,48,27,13259.0,491.07,2014-11-13,Consumer,EU
202,Anne Pryor,0.5584,Média Propensão (Foco em Nutrição),8,37,26,16360.0,629.23,2014-11-24,Home Office,APAC
203,Ben Peterman,0.5573,Média Propensão (Foco em Nutrição),8,1,38,16809.0,442.34,2014-12-30,Corporate,US
204,Quincy Jones,0.557,Média Propensão (Foco em Nutrição),8,25,28,18585.0,663.75,2014-12-06,Corporate,LATAM
205,Edward Hooks,0.5568,Média Propensão (Foco em Nutrição),8,2,38,21272.0,559.79,2014-12-29,Corporate,US
206,Alyssa Tate,0.5566,Média Propensão (Foco em Nutrição),8,12,36,14945.0,415.14,2014-12-19,Home Office,EMEA
207,Maris LaWare,0.5559,Média Propensão (Foco em Nutrição),8,33,33,15175.0,459.85,2014-11-28,Consumer,APAC
208,Brad Thomas,0.5557,Média Propensão (Foco em Nutrição),8,30,38,11683.0,307.45,2014-12-01,Home Office,APAC
209,Don Jones,0.5556,Média Propensão (Foco em Nutrição),8,6,38,21395.0,563.03,2014-12-25,Corporate,LATAM
210,Maribeth Yedwab,0.5555,Média Propensão (Foco em Nutrição),8,29,32,16472.0,514.75,2014-12-02,Corporate,APAC
211,Carl Jackson,0.5547,Média Propensão (Foco em Nutrição),8,13,29,13972.0,481.79,2014-12-18,Corporate,APAC
212,Harold Ryan,0.5543,Média Propensão (Foco em Nutrição),8,51,24,10034.0,418.08,2014-11-10,Corporate,US
213,Adam Hart,0.5537,Média Propensão (Foco em Nutrição),8,2,42,21720.0,517.14,2014-12-29,Corporate,EU
214,Michael Grace,0.5532,Média Propensão (Foco em Nutrição),8,5,34,14532.0,427.41,2014-12-26,Home Office,LATAM
215,Ruben Ausman,0.5532,Média Propensão (Foco em Nutrição),8,43,31,15939.0,514.16,2014-11-18,Corporate,LATAM
216,Jeremy Ellison,0.5527,Média Propensão (Foco em Nutrição),8,27,30,6818.0,227.27,2014-12-04,Consumer,US
217,Tim Taslimi,0.5526,Média Propensão (Foco em Nutrição),8,1,29,9780.0,337.24,2014-12-30,Corporate,LATAM
218,Thomas Brumley,0.5522,Média Propensão (Foco em Nutrição),8,49,21,11805.0,562.14,2014-11-12,Home Office,APAC
219,Chad Sievert,0.5521,Média Propensão (Foco em Nutrição),8,11,26,12348.0,474.92,2014-12-20,Consumer,APAC
220,MaryBeth Skach,0.5517,Média Propensão (Foco em Nutrição),8,15,33,14790.0,448.18,2014-12-16,Consumer,LATAM
221,Alejandro Ballentine,0.5511,Média Propensão (Foco em Nutrição),8,5,39,15463.0,396.49,2014-12-26,Home Office,APAC
222,Amy Cox,0.5506,Média Propensão (Foco em Nutrição),8,5,26,17155.0,659.81,2014-12-26,Consumer,US
223,Eudokia Martin,0.5503,Média Propensão (Foco em Nutrição),8,8,26,13723.0,527.81,2014-12-23,Corporate,EU
224,Greg Hansen,0.5499,Média Propensão (Foco em Nutrição),8,1,38,13997.0,368.34,2014-12-30,Consumer,EU
225,Nat Carroll,0.5485,Média Propensão (Foco em Nutrição),8,5,31,16613.0,535.9,2014-12-26,Consumer,APAC
226,Andrew Allen,0.5481,Média Propensão (Foco em Nutrição),8,125,25,19758.0,790.32,2014-08-28,Consumer,US
227,Lindsay Shagiari,0.548,Média Propensão (Foco em Nutrição),8,20,27,9366.0,346.89,2014-12-11,Home Office,US
228,Natalie Webber,0.5469,Média Propensão (Foco em Nutrição),8,117,33,22374.0,678.0,2014-09-05,Consumer,US
229,Mark Haberlin,0.5468,Média Propensão (Foco em Nutrição),8,8,33,11304.0,342.55,2014-12-23,Corporate,EU
230,Katrina Bavinger,0.5467,Média Propensão (Foco em Nutrição),8,19,31,14027.0,452.48,2014-12-12,Home Office,APAC
231,Laura Armstrong,0.5466,Média Propensão (Foco em Nutrição),8,1,46,27864.0,605.74,2014-12-30,Corporate,US
232,Aaron Smayling,0.5463,Média Propensão (Foco em Nutrição),8,23,31,14207.0,458.29,2014-12-08,Corporate,EU
233,Tracy Zic,0.5461,Média Propensão (Foco em Nutrição),8,35,24,10860.0,452.5,2014-11-26,Consumer,LATAM
234,Jay Kimmel,0.5461,Média Propensão (Foco em Nutrição),8,1,33,13401.0,406.09,2014-12-30,Consumer,LATAM
235,Sanjit Engle,0.546,Média Propensão (Foco em Nutrição),8,9,39,30143.0,772.9,2014-12-22,Consumer,EU
236,Georgia Rosenberg,0.5458,Média Propensão (Foco em Nutrição),8,49,30,13850.0,461.67,2014-11-12,Corporate,APAC
237,Rick Huthwaite,0.5451,Média Propensão (Foco em Nutrição),8,20,32,13438.0,419.94,2014-12-11,Home Office,LATAM
238,Russell Applegate,0.5433,Média Propensão (Foco em Nutrição),8,12,29,21398.0,737.86,2014-12-19,Consumer,US
239,Heather Jas,0.5426,Média Propensão (Foco em Nutrição),8,5,38,15435.0,406.18,2014-12-26,Home Office,APAC
240,Ralph Ritter,0.5419,Média Propensão (Foco em Nutrição),7,19,25,13584.0,543.36,2014-12-12,Consumer,APAC
241,Julia Barnett,0.5418,Média Propensão (Foco em Nutrição),7,0,34,17087.0,502.56,2014-12-31,Home Office,APAC
242,Charles Crestani,0.5417,Média Propensão (Foco em Nutrição),7,82,30,13350.0,445.0,2014-10-10,Consumer,APAC
243,Harold Pawlan,0.5412,Média Propensão (Foco em Nutrição),7,30,29,8517.0,293.69,2014-12-01,Home Office,LATAM
244,Meg Tillman,0.5411,Média Propensão (Foco em Nutrição),7,49,33,15346.0,465.03,2014-11-12,Consumer,APAC
245,Katrina Willman,0.541,Média Propensão (Foco em Nutrição),7,26,27,15747.0,583.22,2014-12-05,Consumer,EU
246,Phillip Breyer,0.5398,Média Propensão (Foco em Nutrição),7,8,34,24269.0,713.79,2014-12-23,Corporate,EU
247,Erica Hernandez,0.5396,Média Propensão (Foco em Nutrição),7,2,35,13008.0,371.66,2014-12-29,Home Office,APAC
248,Todd Boyes,0.5393,Média Propensão (Foco em Nutrição),7,14,28,9647.0,344.54,2014-12-17,Corporate,LATAM
249,Dean Braden,0.5393,Média Propensão (Foco em Nutrição),7,7,34,14132.0,415.65,2014-12-24,Consumer,US
250,Jennifer Ferguson,0.5391,Média Propensão (Foco em Nutrição),7,2,34,22947.0,674.91,2014-12-29,Consumer,US
251,Shui Tom,0.539,Média Propensão (Foco em Nutrição),7,6,38,15006.0,394.89,2014-12-25,Consumer,LATAM
252,Roy Phan,0.5385,Média Propensão (Foco em Nutrição),7,21,33,14610.0,442.73,2014-12-10,Corporate,EU
253,Kean Thornton,0.5384,Média Propensão (Foco em Nutrição),7,27,27,8362.0,309.7,2014-12-04,Consumer,US
254,Nathan Cano,0.5384,Média Propensão (Foco em Nutrição),7,39,24,10759.0,448.29,2014-11-22,Consumer,US
255,Frank Hawley,0.5381,Média Propensão (Foco em Nutrição),7,4,28,13686.0,488.79,2014-12-27,Corporate,US
256,Yana Sorensen,0.538,Média Propensão (Foco em Nutrição),7,4,32,20034.0,626.06,2014-12-27,Corporate,LATAM
257,Thea Hendricks,0.5378,Média Propensão (Foco em Nutrição),7,6,31,15541.0,501.32,2014-12-25,Consumer,APAC
258,Dennis Pardue,0.5376,Média Propensão (Foco em Nutrição),7,0,33,11661.0,353.36,2014-12-31,Home Office,US
259,Gary Hansen,0.5373,Média Propensão (Foco em Nutrição),7,20,45,15269.0,339.31,2014-12-11,Home Office,EU
260,Ben Ferrer,0.5359,Média Propensão (Foco em Nutrição),7,16,37,23219.0,627.54,2014-12-15,Home Office,US
261,Jason Gross,0.5349,Média Propensão (Foco em Nutrição),7,2,29,13570.0,467.93,2014-12-29,Corporate,APAC
262,Chris Cortes,0.5343,Média Propensão (Foco em Nutrição),7,20,44,11483.0,260.98,2014-12-11,Consumer,US
263,Dennis Kane,0.5338,Média Propensão (Foco em Nutrição),7,4,36,20103.0,558.42,2014-12-27,Consumer,US
264,Becky Martin,0.5331,Média Propensão (Foco em Nutrição),7,8,35,27173.0,776.37,2014-12-23,Consumer,LATAM
265,Valerie Takahito,0.533,Média Propensão (Foco em Nutrição),7,7,32,19368.0,605.25,2014-12-24,Home Office,APAC
266,Brooke Gillingham,0.5326,Média Propensão (Foco em Nutrição),7,9,24,11213.0,467.21,2014-12-22,Corporate,APAC
267,Brad Eason,0.5325,Média Propensão (Foco em Nutrição),7,3,29,18986.0,654.69,2014-12-28,Home Office,APAC
268,Eugene Hildebrand,0.5307,Média Propensão (Foco em Nutrição),7,22,44,22424.0,509.64,2014-12-09,Home Office,US
269,Ann Chong,0.5304,Média Propensão (Foco em Nutrição),7,6,36,15027.0,417.42,2014-12-25,Corporate,APAC
270,Bill Shonely,0.5304,Média Propensão (Foco em Nutrição),7,0,31,23511.0,758.42,2014-12-31,Corporate,LATAM
271,Michelle Moray,0.5299,Média Propensão (Foco em Nutrição),7,15,33,13089.0,396.64,2014-12-16,Consumer,US
272,Hunter Lopez,0.5297,Média Propensão (Foco em Nutrição),7,30,24,30246.0,1260.25,2014-12-01,Consumer,APAC
273,Linda Southworth,0.5293,Média Propensão (Foco em Nutrição),7,6,32,13145.0,410.78,2014-12-25,Corporate,US
274,Sylvia Foulston,0.5284,Média Propensão (Foco em Nutrição),7,48,23,9257.0,402.48,2014-11-13,Corporate,US
275,Michael Stewart,0.5274,Média Propensão (Foco em Nutrição),7,6,32,17869.0,558.41,2014-12-25,Corporate,LATAM
276,Nat Gilpin,0.5271,Média Propensão (Foco em Nutrição),7,48,28,12015.0,429.11,2014-11-13,Corporate,US
277,Cari Sayre,0.5264,Média Propensão (Foco em Nutrição),7,15,34,22067.0,649.03,2014-12-16,Corporate,APAC
278,Peter McVee,0.5257,Média Propensão (Foco em Nutrição),7,12,28,11288.0,403.14,2014-12-19,Home Office,EU
279,Nora Preis,0.5253,Média Propensão (Foco em Nutrição),7,28,33,15921.0,482.45,2014-12-03,Consumer,EU
280,Cathy Armstrong,0.5252,Média Propensão (Foco em Nutrição),7,13,25,12293.0,491.72,2014-12-18,Home Office,EU
281,Carlos Meador,0.5251,Média Propensão (Foco em Nutrição),7,36,25,10148.0,405.92,2014-11-25,Consumer,EU
282,Lena Hernandez,0.5251,Média Propensão (Foco em Nutrição),7,21,32,12941.0,404.41,2014-12-10,Consumer,APAC
283,Ken Black,0.5251,Média Propensão (Foco em Nutrição),7,93,29,16602.0,572.48,2014-09-29,Corporate,US
284,Dan Lawera,0.5246,Média Propensão (Foco em Nutrição),7,57,41,12690.0,309.51,2014-11-04,Consumer,EU
285,Nora Paige,0.5245,Média Propensão (Foco em Nutrição),7,58,25,15714.0,628.56,2014-11-03,Consumer,EU
286,Evan Minnotte,0.524,Média Propensão (Foco em Nutrição),7,41,27,19672.0,728.59,2014-11-20,Home Office,LATAM
287,David Philippe,0.524,Média Propensão (Foco em Nutrição),7,7,31,23730.0,765.48,2014-12-24,Consumer,EU
288,Amy Hunt,0.5239,Média Propensão (Foco em Nutrição),7,70,24,9202.0,383.42,2014-10-22,Consumer,LATAM
289,Elizabeth Moffitt,0.5238,Média Propensão (Foco em Nutrição),7,55,32,14508.0,453.38,2014-11-06,Corporate,US
290,Michelle Huthwaite,0.5237,Média Propensão (Foco em Nutrição),7,14,28,12851.0,458.96,2014-12-17,Consumer,EU
291,Allen Armold,0.5235,Média Propensão (Foco em Nutrição),7,6,31,6537.0,210.87,2014-12-25,Consumer,US
292,Bill Donatelli,0.5229,Média Propensão (Foco em Nutrição),7,5,38,15276.0,402.0,2014-12-26,Consumer,US
293,Justin Ritter,0.5229,Média Propensão (Foco em Nutrição),7,18,27,13625.0,504.63,2014-12-13,Corporate,APAC
294,Carol Darley,0.5229,Média Propensão (Foco em Nutrição),7,1,30,13232.0,441.07,2014-12-30,Consumer,LATAM
295,Grace Kelly,0.5227,Média Propensão (Foco em Nutrição),7,12,28,19982.0,713.64,2014-12-19,Corporate,APAC
296,Steve Nguyen,0.5224,Média Propensão (Foco em Nutrição),7,44,28,13404.0,478.71,2014-11-17,Home Office,US
297,Kristina Nunn,0.5206,Média Propensão (Foco em Nutrição),7,98,24,10715.0,446.46,2014-09-24,Home Office,US
298,Max Engle,0.5199,Média Propensão (Foco em Nutrição),7,11,39,9924.0,254.46,2014-12-20,Consumer,APAC
299,Justin MacKendrick,0.5198,Média Propensão (Foco em Nutrição),7,12,33,9027.0,273.55,2014-12-19,Consumer,US
300,Scott Cohen,0.5189,Média Propensão (Foco em Nutrição),7,0,33,12537.0,379.91,2014-12-31,Corporate,APAC
301,Michelle Arnett,0.5189,Média Propensão (Foco em Nutrição),7,16,33,11933.0,361.61,2014-12-15,Home Office,APAC
302,Vicky Freymann,0.5188,Média Propensão (Foco em Nutrição),7,13,28,12600.0,450.0,2014-12-18,Home Office,APAC
303,Ralph Kennedy,0.5188,Média Propensão (Foco em Nutrição),7,28,30,13998.0,466.6,2014-12-03,Consumer,LATAM
304,Arianne Irving,0.5186,Média Propensão (Foco em Nutrição),7,13,26,9281.0,356.96,2014-12-18,Consumer,US
305,Matt Collister,0.5185,Média Propensão (Foco em Nutrição),7,51,28,11674.0,416.93,2014-11-10,Corporate,LATAM
306,Muhammed MacIntyre,0.5181,Média Propensão (Foco em Nutrição),7,12,35,10720.0,306.29,2014-12-19,Corporate,EMEA
307,Beth Fritzler,0.5177,Média Propensão (Foco em Nutrição),7,6,30,10588.0,352.93,2014-12-25,Corporate,LATAM
308,Paul Lucas,0.5177,Média Propensão (Foco em Nutrição),7,15,23,15015.0,652.83,2014-12-16,Home Office,APAC
309,Phillip Flathmann,0.517,Média Propensão (Foco em Nutrição),7,2,37,13392.0,361.95,2014-12-29,Consumer,EU
310,Lori Olson,0.5168,Média Propensão (Foco em Nutrição),7,2,35,13541.0,386.89,2014-12-29,Corporate,APAC
311,Alyssa Crouse,0.5166,Média Propensão (Foco em Nutrição),7,6,33,12296.0,372.61,2014-12-25,Corporate,Africa
312,Debra Catini,0.5164,Média Propensão (Foco em Nutrição),7,18,27,16972.0,628.59,2014-12-13,Consumer,LATAM
313,Darren Koutras,0.5163,Média Propensão (Foco em Nutrição),7,1,36,14903.0,413.97,2014-12-30,Consumer,EU
314,Janet Martin,0.5161,Média Propensão (Foco em Nutrição),7,6,29,18017.0,621.28,2014-12-25,Consumer,APAC
315,Brendan Sweed,0.516,Média Propensão (Foco em Nutrição),7,35,28,12179.0,434.96,2014-11-26,Corporate,APAC
316,Aimee Bixby,0.5159,Média Propensão (Foco em Nutrição),7,35,28,16205.0,578.75,2014-11-26,Consumer,LATAM
317,Scot Wooten,0.5151,Média Propensão (Foco em Nutrição),7,12,30,15479.0,515.97,2014-12-19,Consumer,APAC
318,Lindsay Williams,0.5148,Média Propensão (Foco em Nutrição),7,14,34,10982.0,323.0,2014-12-17,Corporate,EMEA
319,Valerie Dominguez,0.5144,Média Propensão (Foco em Nutrição),6,0,30,15987.0,532.9,2014-12-31,Consumer,US
320,Fred Chung,0.514,Média Propensão (Foco em Nutrição),6,107,27,9323.0,345.3,2014-09-15,Corporate,LATAM
321,Adrian Hane,0.5136,Média Propensão (Foco em Nutrição),6,21,26,11406.0,438.69,2014-12-10,Home Office,US
322,Rick Duston,0.5134,Média Propensão (Foco em Nutrição),6,0,33,17546.0,531.7,2014-12-31,Consumer,LATAM
323,Tony Sayre,0.5133,Média Propensão (Foco em Nutrição),6,11,31,19734.0,636.58,2014-12-20,Consumer,APAC
324,Beth Paige,0.5133,Média Propensão (Foco em Nutrição),6,12,33,12827.0,388.7,2014-12-19,Consumer,US
325,Barry Blumstein,0.5133,Média Propensão (Foco em Nutrição),6,14,37,9883.0,267.11,2014-12-17,Corporate,APAC
326,Lisa DeCherney,0.5129,Média Propensão (Foco em Nutrição),6,43,33,11824.0,358.3,2014-11-18,Consumer,APAC
327,Liz Pelletier,0.5116,Média Propensão (Foco em Nutrição),6,40,31,9465.0,305.32,2014-11-21,Consumer,LATAM
328,Rob Beeghly,0.5113,Média Propensão (Foco em Nutrição),6,20,30,11549.0,384.97,2014-12-11,Consumer,EU
329,Stewart Carmichael,0.5113,Média Propensão (Foco em Nutrição),6,40,39,16529.0,423.82,2014-11-21,Corporate,LATAM
330,Max Ludwig,0.511,Média Propensão (Foco em Nutrição),6,1,35,15534.0,443.83,2014-12-30,Home Office,APAC
331,Magdelene Morse,0.5105,Média Propensão (Foco em Nutrição),6,4,31,21226.0,684.71,2014-12-27,Consumer,APAC
332,Beth Thompson,0.5101,Média Propensão (Foco em Nutrição),6,28,34,11631.0,342.09,2014-12-03,Home Office,LATAM
333,Susan MacKendrick,0.51,Média Propensão (Foco em Nutrição),6,37,22,8634.0,392.45,2014-11-24,Consumer,EU
334,Zuschuss Carroll,0.5099,Média Propensão (Foco em Nutrição),6,3,38,28485.0,749.61,2014-12-28,Consumer,US
335,Dionis Lloyd,0.5093,Média Propensão (Foco em Nutrição),6,22,32,16648.0,520.25,2014-12-09,Corporate,EU
336,Karen Bern,0.5093,Média Propensão (Foco em Nutrição),6,4,34,11846.0,348.41,2014-12-27,Corporate,EMEA
337,Arthur Wiediger,0.5092,Média Propensão (Foco em Nutrição),6,35,28,11016.0,393.43,2014-11-26,Home Office,US
338,Neoma Murray,0.509,Média Propensão (Foco em Nutrição),6,19,28,13872.0,495.43,2014-12-12,Consumer,US
339,Tiffany House,0.5083,Média Propensão (Foco em Nutrição),6,8,36,16804.0,466.78,2014-12-23,Corporate,EMEA
340,Adrian Barton,0.5066,Média Propensão (Foco em Nutrição),6,27,40,25125.0,628.12,2014-12-04,Consumer,US
341,Shaun Weien,0.5063,Média Propensão (Foco em Nutrição),6,7,31,8247.0,266.03,2014-12-24,Consumer,EU
342,Guy Thornton,0.5062,Média Propensão (Foco em Nutrição),6,0,31,9061.0,292.29,2014-12-31,Consumer,EU
343,Stephanie Ulpright,0.5061,Média Propensão (Foco em Nutrição),6,4,29,10779.0,371.69,2014-12-27,Home Office,US
344,Tom Zandusky,0.506,Média Propensão (Foco em Nutrição),6,8,35,15348.0,438.51,2014-12-23,Corporate,LATAM
345,Vivek Grady,0.5058,Média Propensão (Foco em Nutrição),6,2,27,23767.0,880.26,2014-12-29,Corporate,APAC
346,Sean Christensen,0.5058,Média Propensão (Foco em Nutrição),6,16,33,20907.0,633.55,2014-12-15,Consumer,EU
347,Greg Tran,0.5056,Média Propensão (Foco em Nutrição),6,8,34,35552.0,1045.65,2014-12-23,Consumer,US
348,Deborah Brumfield,0.5056,Média Propensão (Foco em Nutrição),6,9,27,12578.0,465.85,2014-12-22,Home Office,APAC
349,Jim Epp,0.5052,Média Propensão (Foco em Nutrição),6,42,32,13952.0,436.0,2014-11-19,Corporate,APAC
350,Alan Shonely,0.505,Média Propensão (Foco em Nutrição),6,12,36,10692.0,297.0,2014-12-19,Consumer,EU
351,Deanra Eno,0.5049,Média Propensão (Foco em Nutrição),6,19,30,12799.0,426.63,2014-12-12,Home Office,LATAM
352,Anthony Witt,0.5046,Média Propensão (Foco em Nutrição),6,16,32,15143.0,473.22,2014-12-15,Consumer,EMEA
353,Charles McCrossin,0.5041,Média Propensão (Foco em Nutrição),6,26,31,20156.0,650.19,2014-12-05,Consumer,APAC
354,Paul Gonzalez,0.5037,Média Propensão (Foco em Nutrição),6,2,34,15922.0,468.29,2014-12-29,Consumer,EU
355,Steve Chapman,0.503,Média Propensão (Foco em Nutrição),6,9,39,23401.0,600.03,2014-12-22,Corporate,APAC
356,Laurel Beltran,0.5025,Média Propensão (Foco em Nutrição),6,39,39,26387.0,676.59,2014-11-22,Home Office,US
357,Darrin Sayre,0.502,Média Propensão (Foco em Nutrição),6,48,32,13283.0,415.09,2014-11-13,Home Office,US
358,Gene McClure,0.5019,Média Propensão (Foco em Nutrição),6,104,28,11003.0,392.96,2014-09-18,Consumer,LATAM
359,Anthony Jacobs,0.5017,Média Propensão (Foco em Nutrição),6,1,37,17757.0,479.92,2014-12-30,Corporate,Africa
360,Max Jones,0.5015,Média Propensão (Foco em Nutrição),6,21,30,16486.0,549.53,2014-12-10,Consumer,LATAM
361,Michael Chen,0.5001,Média Propensão (Foco em Nutrição),6,1,35,15939.0,455.4,2014-12-30,Consumer,APAC
362,Chloris Kastensmidt,0.5001,Média Propensão (Foco em Nutrição),6,4,43,14572.0,338.88,2014-12-27,Consumer,US
363,Mitch Willingham,0.4995,Média Propensão (Foco em Nutrição),6,0,30,19008.0,633.6,2014-12-31,Corporate,EU
364,Benjamin Venier,0.4987,Média Propensão (Foco em Nutrição),6,44,25,21366.0,854.64,2014-11-17,Corporate,EU
365,Helen Wasserman,0.4973,Média Propensão (Foco em Nutrição),6,34,35,18372.0,524.91,2014-11-27,Corporate,US
366,Benjamin Patterson,0.497,Média Propensão (Foco em Nutrição),6,39,31,18714.0,603.68,2014-11-22,Consumer,Africa
367,Herbert Flentye,0.497,Média Propensão (Foco em Nutrição),6,14,36,11813.0,328.14,2014-12-17,Consumer,US
368,Joe Elijah,0.497,Média Propensão (Foco em Nutrição),6,9,43,22452.0,522.14,2014-12-22,Consumer,APAC
369,Patrick Ryan,0.4963,Média Propensão (Foco em Nutrição),6,25,34,14330.0,421.47,2014-12-06,Consumer,APAC
370,Christina VanderZanden,0.4957,Média Propensão (Foco em Nutrição),6,39,29,10327.0,356.1,2014-11-22,Consumer,LATAM
371,Sonia Cooley,0.4955,Média Propensão (Foco em Nutrição),6,27,35,10012.0,286.06,2014-12-04,Consumer,EU
372,Nathan Mautz,0.495,Média Propensão (Foco em Nutrição),6,30,41,24278.0,592.15,2014-12-01,Home Office,APAC
373,Jennifer Halladay,0.4948,Média Propensão (Foco em Nutrição),6,5,40,12692.0,317.3,2014-12-26,Consumer,LATAM
374,Ricardo Emerson,0.4947,Média Propensão (Foco em Nutrição),6,28,27,14039.0,519.96,2014-12-03,Consumer,APAC
375,Michelle Lonsdale,0.4947,Média Propensão (Foco em Nutrição),6,7,26,10367.0,398.73,2014-12-24,Corporate,EU
376,Duane Huffman,0.4947,Média Propensão (Foco em Nutrição),6,20,29,12477.0,430.24,2014-12-11,Home Office,EMEA
377,Naresj Patel,0.4946,Média Propensão (Foco em Nutrição),6,1,33,13118.0,397.52,2014-12-30,Consumer,US
378,Sally Hughsby,0.4946,Média Propensão (Foco em Nutrição),6,25,37,18951.0,512.19,2014-12-06,Corporate,US
379,Irene Maddox,0.4945,Média Propensão (Foco em Nutrição),6,40,34,19919.0,585.85,2014-11-21,Consumer,EU
380,Nicole Hansen,0.4944,Média Propensão (Foco em Nutrição),6,5,28,21304.0,760.86,2014-12-26,Corporate,APAC
381,Maya Herman,0.4943,Média Propensão (Foco em Nutrição),6,0,35,13592.0,388.34,2014-12-31,Corporate,APAC
382,Katherine Hughes,0.4941,Média Propensão (Foco em Nutrição),6,1,35,12210.0,348.86,2014-12-30,Consumer,APAC
383,Elpida Rittenbach,0.494,Média Propensão (Foco em Nutrição),6,53,26,17131.0,658.88,2014-11-08,Corporate,EMEA
384,Brian Moss,0.4937,Média Propensão (Foco em Nutrição),6,33,32,17459.0,545.59,2014-11-28,Corporate,US
385,Tony Chapman,0.4937,Média Propensão (Foco em Nutrição),6,1,38,12633.0,332.45,2014-12-30,Home Office,APAC
386,Katrina Edelman,0.4933,Média Propensão (Foco em Nutrição),6,26,35,13553.0,387.23,2014-12-05,Corporate,APAC
387,Lena Cacioppo,0.493,Média Propensão (Foco em Nutrição),6,23,29,11078.0,382.0,2014-12-08,Consumer,US
388,Mike Caudle,0.4929,Média Propensão (Foco em Nutrição),6,51,28,9355.0,334.11,2014-11-10,Corporate,LATAM
389,Frank Preis,0.4927,Média Propensão (Foco em Nutrição),6,23,34,10760.0,316.47,2014-12-08,Consumer,APAC
390,Alejandro Grove,0.4926,Média Propensão (Foco em Nutrição),6,13,33,13419.0,406.64,2014-12-18,Consumer,APAC
391,Russell D'Ascenzo,0.4925,Média Propensão (Foco em Nutrição),6,28,33,15819.0,479.36,2014-12-03,Consumer,LATAM
392,Bradley Talbott,0.4924,Média Propensão (Foco em Nutrição),6,33,32,15343.0,479.47,2014-11-28,Home Office,EU
393,Sam Craven,0.492,Média Propensão (Foco em Nutrição),6,8,38,11056.0,290.95,2014-12-23,Consumer,APAC
394,Giulietta Weimer,0.4914,Média Propensão (Foco em Nutrição),6,14,33,18071.0,547.61,2014-12-17,Consumer,APAC
395,Julia Dunbar,0.4909,Média Propensão (Foco em Nutrição),6,65,28,11228.0,401.0,2014-10-27,Consumer,LATAM
396,Giulietta Dortch,0.4906,Média Propensão (Foco em Nutrição),6,5,33,18705.0,566.82,2014-12-26,Corporate,APAC
397,Lena Radford,0.4898,Média Propensão (Foco em Nutrição),6,26,29,22903.0,789.76,2014-12-05,Consumer,EU
398,Steven Roelle,0.4892,Média Propensão (Foco em Nutrição),5,21,37,19374.0,523.62,2014-12-10,Home Office,EU
399,Ken Lonsdale,0.4891,Média Propensão (Foco em Nutrição),5,0,33,24127.0,731.12,2014-12-31,Consumer,US
400,Joel Eaton,0.489,Média Propensão (Foco em Nutrição),5,32,42,21905.0,521.55,2014-11-29,Consumer,US
401,Pamela Stobb,0.489,Média Propensão (Foco em Nutrição),5,29,33,17635.0,534.39,2014-12-02,Consumer,US
402,Alejandro Savely,0.4889,Média Propensão (Foco em Nutrição),5,18,43,21124.0,491.26,2014-12-13,Corporate,APAC
403,Cyma Kinney,0.4888,Média Propensão (Foco em Nutrição),5,37,38,10596.0,278.84,2014-11-24,Corporate,Africa
404,Anna Häberlin,0.4887,Média Propensão (Foco em Nutrição),5,30,36,18093.0,502.58,2014-12-01,Corporate,US
405,Ann Steele,0.488,Média Propensão (Foco em Nutrição),5,33,30,11818.0,393.93,2014-11-28,Home Office,Africa
406,Caroline Jumper,0.4874,Média Propensão (Foco em Nutrição),5,33,29,19582.0,675.24,2014-11-28,Consumer,LATAM
407,Dave Kipp,0.4863,Média Propensão (Foco em Nutrição),5,8,39,19456.0,498.87,2014-12-23,Consumer,APAC
408,Tamara Chand,0.4855,Média Propensão (Foco em Nutrição),5,27,36,37453.0,1040.36,2014-12-04,Corporate,LATAM
409,Mitch Gastineau,0.4855,Média Propensão (Foco em Nutrição),5,1,36,18010.0,500.28,2014-12-30,Corporate,EU
410,Michael Kennedy,0.4854,Média Propensão (Foco em Nutrição),5,21,42,14447.0,343.98,2014-12-10,Corporate,US
411,Dave Hallsten,0.4847,Média Propensão (Foco em Nutrição),5,75,35,16191.0,462.6,2014-10-17,Corporate,US
412,Lycoris Saunders,0.4838,Média Propensão (Foco em Nutrição),5,4,34,11739.0,345.26,2014-12-27,Consumer,APAC
413,Cassandra Brandow,0.4828,Média Propensão (Foco em Nutrição),5,9,30,13529.0,450.97,2014-12-22,Consumer,US
414,Christine Sundaresam,0.482,Média Propensão (Foco em Nutrição),5,6,40,10546.0,263.65,2014-12-25,Consumer,US
415,Joy Smith,0.4819,Média Propensão (Foco em Nutrição),5,21,36,20793.0,577.58,2014-12-10,Consumer,APAC
416,Benjamin Farhat,0.4816,Média Propensão (Foco em Nutrição),5,26,32,13370.0,417.81,2014-12-05,Home Office,APAC
417,Craig Yedwab,0.4814,Média Propensão (Foco em Nutrição),5,60,35,14220.0,406.29,2014-11-01,Corporate,EU
418,Bruce Stewart,0.4811,Média Propensão (Foco em Nutrição),5,1,34,19234.0,565.71,2014-12-30,Consumer,LATAM
419,Raymond Buch,0.4811,Média Propensão (Foco em Nutrição),5,20,29,29601.0,1020.72,2014-12-11,Consumer,APAC
420,Jim Sink,0.4809,Média Propensão (Foco em Nutrição),5,40,31,16281.0,525.19,2014-11-21,Corporate,LATAM
421,Mitch Webber,0.4808,Média Propensão (Foco em Nutrição),5,17,36,23070.0,640.83,2014-12-14,Consumer,LATAM
422,Harold Dahlen,0.4802,Média Propensão (Foco em Nutrição),5,42,36,20070.0,557.5,2014-11-19,Home Office,LATAM
423,Bart Pistole,0.4802,Média Propensão (Foco em Nutrição),5,2,38,10087.0,265.45,2014-12-29,Corporate,US
424,Victor Preis,0.4799,Média Propensão (Foco em Nutrição),5,28,33,12063.0,365.55,2014-12-03,Home Office,APAC
425,Keith Dawkins,0.4799,Média Propensão (Foco em Nutrição),5,46,40,26451.0,661.28,2014-11-15,Corporate,US
426,Frank Gastineau,0.4799,Média Propensão (Foco em Nutrição),5,34,27,9704.0,359.41,2014-11-27,Home Office,APAC
427,Anthony O'Donnell,0.4798,Média Propensão (Foco em Nutrição),5,7,32,15025.0,469.53,2014-12-24,Corporate,EU
428,Jenna Caffey,0.4792,Média Propensão (Foco em Nutrição),5,8,34,16161.0,475.32,2014-12-23,Consumer,LATAM
429,Greg Guthrie,0.4792,Média Propensão (Foco em Nutrição),5,33,33,13901.0,421.24,2014-11-28,Corporate,EU
430,Mark Cousins,0.4792,Média Propensão (Foco em Nutrição),5,23,35,16548.0,472.8,2014-12-08,Corporate,LATAM
431,Ann Blume,0.4789,Média Propensão (Foco em Nutrição),5,7,27,18727.0,693.59,2014-12-24,Corporate,Africa
432,Jennifer Braxton,0.4788,Média Propensão (Foco em Nutrição),5,7,41,15258.0,372.15,2014-12-24,Corporate,EU
433,Chuck Clark,0.4787,Média Propensão (Foco em Nutrição),5,0,31,15040.0,485.16,2014-12-31,Home Office,LATAM
434,Ellis Ballard,0.4784,Média Propensão (Foco em Nutrição),5,2,31,21986.0,709.23,2014-12-29,Corporate,EU
435,Kelly Williams,0.4774,Média Propensão (Foco em Nutrição),5,22,40,11833.0,295.82,2014-12-09,Consumer,LATAM
436,Mark Hamilton,0.4766,Média Propensão (Foco em Nutrição),5,54,37,14724.0,397.95,2014-11-07,Consumer,EMEA
437,Jack O'Briant,0.4761,Média Propensão (Foco em Nutrição),5,5,29,13348.0,460.28,2014-12-26,Corporate,EU
438,Sonia Sunley,0.4757,Média Propensão (Foco em Nutrição),5,5,29,13118.0,452.34,2014-12-26,Consumer,APAC
439,Natalie Fritzler,0.4746,Média Propensão (Foco em Nutrição),5,1,43,31778.0,739.02,2014-12-30,Consumer,EU
440,Mick Hernandez,0.4746,Média Propensão (Foco em Nutrição),5,5,33,13275.0,402.27,2014-12-26,Home Office,US
441,Julie Prescott,0.4742,Média Propensão (Foco em Nutrição),5,26,42,14594.0,347.48,2014-12-05,Home Office,APAC
442,Suzanne McNair,0.474,Média Propensão (Foco em Nutrição),5,25,38,12888.0,339.16,2014-12-06,Corporate,US
443,Christina Anderson,0.4739,Média Propensão (Foco em Nutrição),5,34,38,21835.0,574.61,2014-11-27,Consumer,US
444,Noel Staavos,0.4735,Média Propensão (Foco em Nutrição),5,36,45,16643.0,369.84,2014-11-25,Corporate,US
445,Jasper Cacioppo,0.4735,Média Propensão (Foco em Nutrição),5,34,35,18443.0,526.94,2014-11-27,Consumer,APAC
446,Melanie Seite,0.4732,Média Propensão (Foco em Nutrição),5,4,34,16104.0,473.65,2014-12-27,Consumer,LATAM
447,Luke Weiss,0.4726,Média Propensão (Foco em Nutrição),5,21,29,12051.0,415.55,2014-12-10,Consumer,US
448,Thomas Seio,0.4726,Média Propensão (Foco em Nutrição),5,26,35,14530.0,415.14,2014-12-05,Corporate,US
449,Vivek Gonzalez,0.4722,Média Propensão (Foco em Nutrição),5,110,31,10296.0,332.13,2014-09-12,Consumer,LATAM
450,Julia West,0.4721,Média Propensão (Foco em Nutrição),5,1,29,20598.0,710.28,2014-12-30,Consumer,APAC
451,Daniel Byrd,0.4717,Média Propensão (Foco em Nutrição),5,2,35,15392.0,439.77,2014-12-29,Home Office,LATAM
452,Toby Braunhardt,0.4713,Média Propensão (Foco em Nutrição),5,57,35,11699.0,334.26,2014-11-04,Consumer,LATAM
453,Ross DeVincentis,0.4712,Média Propensão (Foco em Nutrição),5,14,37,10302.0,278.43,2014-12-17,Home Office,APAC
454,Monica Federle,0.4706,Média Propensão (Foco em Nutrição),5,7,38,21944.0,577.47,2014-12-24,Corporate,APAC
455,Mark Van Huff,0.4705,Média Propensão (Foco em Nutrição),5,16,32,11518.0,359.94,2014-12-15,Consumer,EU
456,Odella Nelson,0.4705,Média Propensão (Foco em Nutrição),5,47,38,19273.0,507.18,2014-11-14,Corporate,EU
457,Doug O'Connell,0.4696,Média Propensão (Foco em Nutrição),5,26,30,13772.0,459.07,2014-12-05,Consumer,EU
458,Scot Coram,0.4695,Média Propensão (Foco em Nutrição),5,16,28,22129.0,790.32,2014-12-15,Corporate,APAC
459,Erin Ashbrook,0.4695,Média Propensão (Foco em Nutrição),5,93,34,11521.0,338.85,2014-09-29,Corporate,LATAM
460,Sarah Foster,0.4694,Média Propensão (Foco em Nutrição),5,5,36,15659.0,434.97,2014-12-26,Consumer,APAC
461,Stuart Van,0.4691,Média Propensão (Foco em Nutrição),5,8,33,22308.0,676.0,2014-12-23,Corporate,LATAM
462,Mike Pelletier,0.4689,Média Propensão (Foco em Nutrição),5,16,42,24216.0,576.57,2014-12-15,Home Office,APAC
463,Harry Greene,0.4687,Média Propensão (Foco em Nutrição),5,12,39,24217.0,620.95,2014-12-19,Consumer,APAC
464,Maureen Fritzler,0.4683,Média Propensão (Foco em Nutrição),5,48,32,13529.0,422.78,2014-11-13,Corporate,APAC
465,Jill Matthias,0.4682,Média Propensão (Foco em Nutrição),5,0,29,14181.0,489.0,2014-12-31,Consumer,LATAM
466,Ivan Gibson,0.4677,Média Propensão (Foco em Nutrição),5,1,37,16151.0,436.51,2014-12-30,Consumer,Africa
467,Carol Triggs,0.4676,Média Propensão (Foco em Nutrição),5,28,29,14139.0,487.55,2014-12-03,Consumer,US
468,Kean Takahito,0.4674,Média Propensão (Foco em Nutrição),5,43,39,17257.0,442.49,2014-11-18,Consumer,LATAM
469,Roland Schwarz,0.4668,Média Propensão (Foco em Nutrição),5,36,31,15108.0,487.35,2014-11-25,Corporate,US
470,Ionia McGrath,0.4667,Média Propensão (Foco em Nutrição),5,15,22,9480.0,430.91,2014-12-16,Consumer,EU
471,Rob Lucas,0.4665,Média Propensão (Foco em Nutrição),5,120,31,17289.0,557.71,2014-09-02,Consumer,US
472,Craig Carreira,0.4663,Média Propensão (Foco em Nutrição),5,16,34,11497.0,338.15,2014-12-15,Consumer,APAC
473,Corey-Lock,0.4662,Média Propensão (Foco em Nutrição),5,4,30,13049.0,434.97,2014-12-27,Consumer,APAC
474,Kunst Miller,0.4661,Média Propensão (Foco em Nutrição),5,28,26,16968.0,652.62,2014-12-03,Consumer,US
475,Kean Nguyen,0.4656,Média Propensão (Foco em Nutrição),5,37,34,18064.0,531.29,2014-11-24,Corporate,APAC
476,Victoria Wilson,0.4655,Média Propensão (Foco em Nutrição),5,6,35,17039.0,486.83,2014-12-25,Corporate,APAC
477,Alan Dominguez,0.4654,Média Propensão (Foco em Nutrição),5,5,30,18538.0,617.93,2014-12-26,Home Office,APAC
478,Dan Reichenbach,0.465,Média Propensão (Foco em Nutrição),4,3,40,16705.0,417.62,2014-12-28,Corporate,US
479,Trudy Brown,0.465,Média Propensão (Foco em Nutrição),4,30,36,15078.0,418.83,2014-12-01,Consumer,APAC
480,David Smith,0.4647,Média Propensão (Foco em Nutrição),4,14,33,13634.0,413.15,2014-12-17,Corporate,LATAM
481,Pete Takahito,0.4647,Média Propensão (Foco em Nutrição),4,2,30,13054.0,435.13,2014-12-29,Consumer,EU
482,Nona Balk,0.4647,Média Propensão (Foco em Nutrição),4,19,27,10082.0,373.41,2014-12-12,Corporate,US
483,Maria Etezadi,0.4638,Média Propensão (Foco em Nutrição),4,5,40,26252.0,656.3,2014-12-26,Home Office,EU
484,Janet Molinari,0.4636,Média Propensão (Foco em Nutrição),4,37,33,16168.0,489.94,2014-11-24,Corporate,APAC
485,Paul Van Hugh,0.4633,Média Propensão (Foco em Nutrição),4,8,34,18932.0,556.82,2014-12-23,Home Office,LATAM
486,Ryan Akin,0.4632,Média Propensão (Foco em Nutrição),4,1,32,13742.0,429.44,2014-12-30,Consumer,LATAM
487,Barry Pond,0.4632,Média Propensão (Foco em Nutrição),4,5,30,10389.0,346.3,2014-12-26,Corporate,EMEA
488,Karen Carlisle,0.463,Média Propensão (Foco em Nutrição),4,44,35,10416.0,297.6,2014-11-17,Corporate,APAC
489,Clay Ludtke,0.4626,Média Propensão (Foco em Nutrição),4,5,36,19784.0,549.56,2014-12-26,Consumer,US
490,Barbara Fisher,0.4625,Média Propensão (Foco em Nutrição),4,22,30,9838.0,327.93,2014-12-09,Corporate,APAC
491,James Galang,0.4624,Média Propensão (Foco em Nutrição),4,1,40,21554.0,538.85,2014-12-30,Consumer,US
492,Cari Schnelling,0.4612,Média Propensão (Foco em Nutrição),4,50,30,12179.0,405.97,2014-11-11,Consumer,LATAM
493,Pete Kriz,0.4611,Média Propensão (Foco em Nutrição),4,8,32,18657.0,583.03,2014-12-23,Consumer,US
494,Eva Jacobs,0.4611,Média Propensão (Foco em Nutrição),4,22,28,14957.0,534.18,2014-12-09,Consumer,APAC
495,Tamara Manning,0.4607,Média Propensão (Foco em Nutrição),4,64,30,14461.0,482.03,2014-10-28,Consumer,US
496,Carlos Daly,0.4605,Média Propensão (Foco em Nutrição),4,2,31,20117.0,648.94,2014-12-29,Consumer,EU
497,Ed Braxton,0.4593,Média Propensão (Foco em Nutrição),4,48,33,15525.0,470.45,2014-11-13,Corporate,LATAM
498,Jennifer Patt,0.4589,Média Propensão (Foco em Nutrição),4,36,36,14212.0,394.78,2014-11-25,Corporate,APAC
499,Larry Blacks,0.4586,Média Propensão (Foco em Nutrição),4,9,36,14583.0,405.08,2014-12-22,Consumer,LATAM
500,George Ashbrook,0.458,Média Propensão (Foco em Nutrição),4,22,31,13806.0,445.35,2014-12-09,Consumer,LATAM
501,Damala Kotsonis,0.4578,Média Propensão (Foco em Nutrição),4,21,43,20961.0,487.47,2014-12-10,Corporate,US
502,Scott Williamson,0.4559,Média Propensão (Foco em Nutrição),4,21,38,17044.0,448.53,2014-12-10,Consumer,LATAM
503,Katherine Nockton,0.4557,Média Propensão (Foco em Nutrição),4,19,32,19669.0,614.66,2014-12-12,Corporate,US
504,George Zrebassa,0.4556,Média Propensão (Foco em Nutrição),4,30,30,15294.0,509.8,2014-12-01,Corporate,APAC
505,Cynthia Delaney,0.4556,Média Propensão (Foco em Nutrição),4,76,32,14500.0,453.12,2014-10-16,Home Office,EU
506,Tonja Turnell,0.4555,Média Propensão (Foco em Nutrição),4,12,40,20085.0,502.12,2014-12-19,Home Office,EU
507,Chris McAfee,0.4553,Média Propensão (Foco em Nutrição),4,42,27,11621.0,430.41,2014-11-19,Consumer,APAC
508,John Castell,0.4548,Média Propensão (Foco em Nutrição),4,1,30,12298.0,409.93,2014-12-30,Consumer,US
509,Lena Creighton,0.4546,Média Propensão (Foco em Nutrição),4,16,38,18889.0,497.08,2014-12-15,Consumer,US
510,Harold Engle,0.4546,Média Propensão (Foco em Nutrição),4,6,35,10993.0,314.09,2014-12-25,Corporate,LATAM
511,Sanjit Jacobs,0.4544,Média Propensão (Foco em Nutrição),4,32,39,13521.0,346.69,2014-11-29,Home Office,US
512,James Lanier,0.4541,Média Propensão (Foco em Nutrição),4,6,32,14847.0,463.97,2014-12-25,Home Office,LATAM
513,Dean percer,0.4541,Média Propensão (Foco em Nutrição),4,18,35,22833.0,652.37,2014-12-13,Home Office,US
514,Stewart Visinsky,0.4538,Média Propensão (Foco em Nutrição),4,21,34,17232.0,506.82,2014-12-10,Consumer,US
515,Frank Carlisle,0.4536,Média Propensão (Foco em Nutrição),4,42,29,12410.0,427.93,2014-11-19,Home Office,APAC
516,Ed Ludwig,0.4535,Média Propensão (Foco em Nutrição),4,26,34,14209.0,417.91,2014-12-05,Home Office,LATAM
517,Neil Französisch,0.4532,Média Propensão (Foco em Nutrição),4,6,29,12649.0,436.17,2014-12-25,Home Office,EU
518,Nick Zandusky,0.4531,Média Propensão (Foco em Nutrição),4,85,30,20271.0,675.7,2014-10-07,Home Office,US
519,Kelly Collister,0.4522,Média Propensão (Foco em Nutrição),4,33,32,19401.0,606.28,2014-11-28,Consumer,LATAM
520,Chuck Magee,0.4522,Média Propensão (Foco em Nutrição),4,15,29,13715.0,472.93,2014-12-16,Consumer,LATAM
521,Bill Tyler,0.4516,Média Propensão (Foco em Nutrição),4,28,28,11798.0,421.36,2014-12-03,Corporate,EU
522,Dana Kaydos,0.4511,Média Propensão (Foco em Nutrição),4,45,28,19638.0,701.36,2014-11-16,Consumer,LATAM
523,Edward Becker,0.4511,Média Propensão (Foco em Nutrição),4,32,26,9428.0,362.62,2014-11-29,Corporate,US
524,Craig Leslie,0.451,Média Propensão (Foco em Nutrição),4,8,35,19378.0,553.66,2014-12-23,Home Office,APAC
525,Angele Hood,0.4506,Média Propensão (Foco em Nutrição),4,21,31,11357.0,366.35,2014-12-10,Consumer,APAC
526,Heather Kirkland,0.4503,Média Propensão (Foco em Nutrição),4,43,33,15541.0,470.94,2014-11-18,Corporate,EU
527,Maria Bertelson,0.4498,Média Propensão (Foco em Nutrição),4,1,35,21607.0,617.34,2014-12-30,Consumer,US
528,Pauline Webber,0.4492,Média Propensão (Foco em Nutrição),4,7,38,13888.0,365.47,2014-12-24,Corporate,EU
529,Tony Molinari,0.4486,Média Propensão (Foco em Nutrição),4,40,35,15973.0,456.37,2014-11-21,Consumer,EU
530,Dianna Wilson,0.4478,Média Propensão (Foco em Nutrição),4,55,35,23456.0,670.17,2014-11-06,Home Office,EU
531,Arthur Prichep,0.4474,Média Propensão (Foco em Nutrição),4,76,37,18546.0,501.24,2014-10-16,Consumer,US
532,Thomas Thornton,0.4469,Média Propensão (Foco em Nutrição),4,5,31,15055.0,485.65,2014-12-26,Consumer,APAC
533,Lynn Smith,0.4459,Média Propensão (Foco em Nutrição),4,34,30,11713.0,390.43,2014-11-27,Consumer,LATAM
534,Ricardo Sperren,0.4457,Média Propensão (Foco em Nutrição),4,33,35,14432.0,412.34,2014-11-28,Corporate,EU
535,Anemone Ratner,0.4456,Média Propensão (Foco em Nutrição),4,2,27,11492.0,425.63,2014-12-29,Consumer,APAC
536,Maurice Satty,0.4452,Média Propensão (Foco em Nutrição),4,29,34,10031.0,295.03,2014-12-02,Consumer,LATAM
537,Jonathan Howell,0.4448,Média Propensão (Foco em Nutrição),4,40,40,16544.0,413.6,2014-11-21,Consumer,APAC
538,Michelle Ellison,0.4439,Média Propensão (Foco em Nutrição),4,42,28,10708.0,382.43,2014-11-19,Corporate,EU
539,Marc Crier,0.4437,Média Propensão (Foco em Nutrição),4,44,39,15988.0,409.95,2014-11-17,Consumer,EU
540,Nora Pelletier,0.4435,Média Propensão (Foco em Nutrição),4,14,34,16358.0,481.12,2014-12-17,Home Office,LATAM
541,Frank Merwin,0.4433,Média Propensão (Foco em Nutrição),4,2,38,16388.0,431.26,2014-12-29,Home Office,US
542,Andrew Gjertsen,0.4427,Média Propensão (Foco em Nutrição),4,48,40,16381.0,409.52,2014-11-13,Corporate,EU
543,Xylona Preis,0.4426,Média Propensão (Foco em Nutrição),4,43,30,12202.0,406.73,2014-11-18,Consumer,US
544,Aaron Bergman,0.4425,Média Propensão (Foco em Nutrição),4,16,37,24646.0,666.11,2014-12-15,Consumer,APAC
545,Jamie Kunitz,0.4424,Média Propensão (Foco em Nutrição),4,61,29,12533.0,432.17,2014-10-31,Consumer,EU
546,Sean O'Donnell,0.4421,Média Propensão (Foco em Nutrição),4,29,31,16366.0,527.94,2014-12-02,Consumer,US
547,Dave Brooks,0.4417,Média Propensão (Foco em Nutrição),4,8,34,25550.0,751.47,2014-12-23,Consumer,EU
548,Jim Radford,0.4412,Média Propensão (Foco em Nutrição),4,12,26,15925.0,612.5,2014-12-19,Consumer,APAC
549,Denny Joy,0.4406,Média Propensão (Foco em Nutrição),4,1,32,22561.0,705.03,2014-12-30,Corporate,EU
550,Sally Matthias,0.4406,Média Propensão (Foco em Nutrição),4,104,30,13063.0,435.43,2014-09-18,Consumer,EU
551,Thea Hudgings,0.4404,Média Propensão (Foco em Nutrição),4,43,31,15353.0,495.26,2014-11-18,Corporate,APAC
552,Stefania Perrino,0.4404,Média Propensão (Foco em Nutrição),4,5,36,19418.0,539.39,2014-12-26,Corporate,APAC
553,Cari MacIntyre,0.4402,Média Propensão (Foco em Nutrição),4,6,37,21608.0,584.0,2014-12-25,Corporate,EU
554,Charlotte Melton,0.4392,Média Propensão (Foco em Nutrição),4,0,29,12827.0,442.31,2014-12-31,Consumer,LATAM
555,Jim Karlsson,0.4392,Média Propensão (Foco em Nutrição),4,1,35,17121.0,489.17,2014-12-30,Consumer,LATAM
556,Stephanie Phelps,0.4381,Média Propensão (Foco em Nutrição),4,20,30,11151.0,371.7,2014-12-11,Corporate,US
557,Muhammed Lee,0.438,Média Propensão (Foco em Nutrição),3,8,35,15851.0,452.89,2014-12-23,Consumer,EU
558,Peter Bühler,0.4374,Média Propensão (Foco em Nutrição),3,0,20,9897.0,494.85,2014-12-31,Consumer,EU
559,Neil Knudson,0.4374,Média Propensão (Foco em Nutrição),3,26,28,13875.0,495.54,2014-12-05,Home Office,APAC
560,Laurel Workman,0.4371,Média Propensão (Foco em Nutrição),3,22,31,10873.0,350.74,2014-12-09,Corporate,US
561,Ted Butterfield,0.437,Média Propensão (Foco em Nutrição),3,35,32,16030.0,500.94,2014-11-26,Consumer,APAC
562,Giulietta Baptist,0.4368,Média Propensão (Foco em Nutrição),3,13,30,12570.0,419.0,2014-12-18,Consumer,EU
563,Roger Demir,0.4366,Média Propensão (Foco em Nutrição),3,21,38,14738.0,387.84,2014-12-10,Consumer,US
564,Mick Brown,0.4365,Média Propensão (Foco em Nutrição),3,11,38,16451.0,432.92,2014-12-20,Consumer,LATAM
565,Meg O'Connel,0.4364,Média Propensão (Foco em Nutrição),3,6,34,18003.0,529.5,2014-12-25,Home Office,APAC
566,Jeremy Pistek,0.4364,Média Propensão (Foco em Nutrição),3,8,30,18659.0,621.97,2014-12-23,Consumer,EU
567,Joni Wasserman,0.4362,Média Propensão (Foco em Nutrição),3,5,32,10949.0,342.16,2014-12-26,Consumer,EU
568,Joy Bell-,0.4361,Média Propensão (Foco em Nutrição),3,1,39,24011.0,615.67,2014-12-30,Consumer,EU
569,Sarah Jordon,0.436,Média Propensão (Foco em Nutrição),3,28,41,16070.0,391.95,2014-12-03,Consumer,APAC
570,Tracy Blumstein,0.436,Média Propensão (Foco em Nutrição),3,18,45,20704.0,460.09,2014-12-13,Consumer,APAC
571,Rob Dowd,0.4356,Média Propensão (Foco em Nutrição),3,25,38,21482.0,565.32,2014-12-06,Consumer,EU
572,Jay Fein,0.4354,Média Propensão (Foco em Nutrição),3,13,31,10818.0,348.97,2014-12-18,Consumer,EMEA
573,Mike Vittorini,0.4354,Média Propensão (Foco em Nutrição),3,7,38,19572.0,515.05,2014-12-24,Consumer,EU
574,Erica Bern,0.435,Média Propensão (Foco em Nutrição),3,0,41,16119.0,393.15,2014-12-31,Corporate,LATAM
575,Guy Armstrong,0.4348,Média Propensão (Foco em Nutrição),3,2,28,10285.0,367.32,2014-12-29,Consumer,US
576,Laurel Elliston,0.4342,Média Propensão (Foco em Nutrição),3,14,30,11477.0,382.57,2014-12-17,Consumer,EU
577,Maureen Gnade,0.4342,Média Propensão (Foco em Nutrição),3,0,32,18326.0,572.69,2014-12-31,Consumer,EU
578,Dan Campbell,0.434,Média Propensão (Foco em Nutrição),3,34,38,13439.0,353.66,2014-11-27,Consumer,APAC
579,Paul MacIntyre,0.4333,Média Propensão (Foco em Nutrição),3,21,32,14346.0,448.31,2014-12-10,Consumer,LATAM
580,Christine Kargatis,0.4326,Média Propensão (Foco em Nutrição),3,0,35,13055.0,373.0,2014-12-31,Home Office,LATAM
581,Raymond Messe,0.4326,Média Propensão (Foco em Nutrição),3,9,32,18317.0,572.41,2014-12-22,Consumer,LATAM
582,Tom Ashbrook,0.4326,Média Propensão (Foco em Nutrição),3,8,30,40489.0,1349.63,2014-12-23,Home Office,EU
583,Joy Daniels,0.4312,Média Propensão (Foco em Nutrição),3,42,32,11346.0,354.56,2014-11-19,Consumer,LATAM
584,Rick Hansen,0.431,Média Propensão (Foco em Nutrição),3,24,31,16356.0,527.61,2014-12-07,Consumer,APAC
585,Doug Jacobs,0.4307,Média Propensão (Foco em Nutrição),3,12,33,13852.0,419.76,2014-12-19,Consumer,APAC
586,Berenike Kampe,0.4298,Média Propensão (Foco em Nutrição),3,26,33,13586.0,411.7,2014-12-05,Consumer,EU
587,Sam Zeldin,0.4297,Média Propensão (Foco em Nutrição),3,13,41,16361.0,399.05,2014-12-18,Home Office,LATAM
588,Robert Marley,0.429,Média Propensão (Foco em Nutrição),3,4,27,12868.0,476.59,2014-12-27,Home Office,EU
589,Michael Paige,0.4279,Média Propensão (Foco em Nutrição),3,27,47,17796.0,378.64,2014-12-04,Corporate,EU
590,Bryan Davis,0.4275,Média Propensão (Foco em Nutrição),3,35,31,13571.0,437.77,2014-11-26,Consumer,LATAM
591,Erin Smith,0.4273,Média Propensão (Foco em Nutrição),3,28,33,18160.0,550.3,2014-12-03,Corporate,US
592,Natalie DeCherney,0.4272,Média Propensão (Foco em Nutrição),3,12,29,13709.0,472.72,2014-12-19,Consumer,LATAM
593,Karl Braun,0.4269,Média Propensão (Foco em Nutrição),3,2,40,17494.0,437.35,2014-12-29,Consumer,US
594,Resi Pölking,0.4266,Média Propensão (Foco em Nutrição),3,15,41,22053.0,537.88,2014-12-16,Consumer,US
595,Rachel Payne,0.4265,Média Propensão (Foco em Nutrição),3,7,32,14998.0,468.69,2014-12-24,Corporate,APAC
596,Cathy Prescott,0.4261,Média Propensão (Foco em Nutrição),3,69,33,19770.0,599.09,2014-10-23,Corporate,US
597,Trudy Schmidt,0.4258,Média Propensão (Foco em Nutrição),3,84,30,9980.0,332.67,2014-10-08,Consumer,EU
598,Eric Hoffmann,0.4258,Média Propensão (Foco em Nutrição),3,57,36,10351.0,287.53,2014-11-04,Consumer,LATAM
599,Robert Dilbeck,0.4254,Média Propensão (Foco em Nutrição),3,27,30,16344.0,544.8,2014-12-04,Home Office,EU
600,Eric Barreto,0.4252,Média Propensão (Foco em Nutrição),3,7,27,11967.0,443.22,2014-12-24,Consumer,APAC
601,Anthony Johnson,0.424,Média Propensão (Foco em Nutrição),3,36,32,12284.0,383.88,2014-11-25,Corporate,US
602,Steve Carroll,0.424,Média Propensão (Foco em Nutrição),3,21,35,19823.0,566.37,2014-12-10,Home Office,APAC
603,Theresa Coyne,0.4237,Média Propensão (Foco em Nutrição),3,11,35,22219.0,634.83,2014-12-20,Corporate,APAC
604,Tracy Poddar,0.4232,Média Propensão (Foco em Nutrição),3,14,35,13289.0,379.69,2014-12-17,Corporate,APAC
605,Becky Pak,0.4224,Média Propensão (Foco em Nutrição),3,32,30,14811.0,493.7,2014-11-29,Consumer,EU
606,Nicole Brennan,0.422,Média Propensão (Foco em Nutrição),3,428,17,5935.0,349.12,2013-10-29,Corporate,Africa
607,Alan Hwang,0.4211,Média Propensão (Foco em Nutrição),3,6,38,23641.0,622.13,2014-12-25,Consumer,EU
608,Tamara Willingham,0.421,Média Propensão (Foco em Nutrição),3,19,35,14256.0,407.31,2014-12-12,Home Office,EU
609,Liz Thompson,0.421,Média Propensão (Foco em Nutrição),3,34,32,21217.0,663.03,2014-11-27,Consumer,EU
610,Steven Ward,0.4208,Média Propensão (Foco em Nutrição),3,15,38,25669.0,675.5,2014-12-16,Corporate,LATAM
611,Bruce Degenhardt,0.4201,Média Propensão (Foco em Nutrição),3,4,43,15959.0,371.14,2014-12-27,Consumer,EMEA
612,Brian Dahlen,0.4193,Média Propensão (Foco em Nutrição),3,97,24,9890.0,412.08,2014-09-25,Consumer,US
613,Becky Castell,0.4186,Média Propensão (Foco em Nutrição),3,29,34,15186.0,446.65,2014-12-02,Home Office,EU
614,Speros Goranitis,0.4185,Média Propensão (Foco em Nutrição),3,75,38,12948.0,340.74,2014-10-17,Consumer,APAC
615,Brendan Murry,0.4184,Média Propensão (Foco em Nutrição),3,34,34,12055.0,354.56,2014-11-27,Corporate,APAC
616,Toby Gnade,0.4181,Média Propensão (Foco em Nutrição),3,14,35,13021.0,372.03,2014-12-17,Consumer,EU
617,Mike Kennedy,0.418,Média Propensão (Foco em Nutrição),3,22,30,12741.0,424.7,2014-12-09,Consumer,APAC
618,Bart Watters,0.4176,Média Propensão (Foco em Nutrição),3,54,45,32315.0,718.11,2014-11-07,Corporate,APAC
619,Denny Blanton,0.4174,Média Propensão (Foco em Nutrição),3,28,28,16634.0,594.07,2014-12-03,Consumer,APAC
620,Julie Kriz,0.4172,Média Propensão (Foco em Nutrição),3,97,32,15648.0,489.0,2014-09-25,Home Office,LATAM
621,Carl Ludwig,0.4158,Média Propensão (Foco em Nutrição),3,13,40,18180.0,454.5,2014-12-18,Consumer,LATAM
622,Mary Zewe,0.4153,Média Propensão (Foco em Nutrição),3,23,34,16577.0,487.56,2014-12-08,Corporate,APAC
623,Joel Jenkins,0.4152,Média Propensão (Foco em Nutrição),3,2,34,19993.0,588.03,2014-12-29,Home Office,EU
624,John Grady,0.415,Média Propensão (Foco em Nutrição),3,0,40,22219.0,555.48,2014-12-31,Corporate,APAC
625,Sheri Gordon,0.4148,Média Propensão (Foco em Nutrição),3,90,31,13818.0,445.74,2014-10-02,Consumer,LATAM
626,Tim Brockman,0.4148,Média Propensão (Foco em Nutrição),3,1,43,19103.0,444.26,2014-12-30,Consumer,EMEA
627,Adam Shillingsburg,0.4148,Média Propensão (Foco em Nutrição),3,15,36,15445.0,429.03,2014-12-16,Consumer,US
628,Sanjit Chand,0.4148,Média Propensão (Foco em Nutrição),3,75,35,26524.0,757.83,2014-10-17,Consumer,US
629,Clay Cheatham,0.4144,Média Propensão (Foco em Nutrição),3,27,30,9345.0,311.5,2014-12-04,Consumer,APAC
630,Patricia Hirasaki,0.4142,Média Propensão (Foco em Nutrição),3,57,27,11182.0,414.15,2014-11-04,Home Office,LATAM
631,Gary Zandusky,0.414,Média Propensão (Foco em Nutrição),3,7,43,24700.0,574.42,2014-12-24,Consumer,APAC
632,Charles Sheldon,0.4136,Média Propensão (Foco em Nutrição),3,57,34,20050.0,589.71,2014-11-04,Corporate,APAC
633,Joe Kamberova,0.4131,Média Propensão (Foco em Nutrição),3,48,40,26689.0,667.22,2014-11-13,Consumer,EU
634,Sandra Flanagan,0.4125,Média Propensão (Foco em Nutrição),3,58,29,11259.0,388.24,2014-11-03,Consumer,EU
635,Saphhira Shifley,0.4124,Média Propensão (Foco em Nutrição),3,15,39,23632.0,605.95,2014-12-16,Corporate,LATAM
636,Chuck Sachs,0.4123,Média Propensão (Foco em Nutrição),3,6,31,22759.0,734.16,2014-12-25,Consumer,EU
637,Linda Cazamias,0.4118,Média Propensão (Foco em Nutrição),2,41,35,16738.0,478.23,2014-11-20,Corporate,EU
638,Ralph Arnett,0.4106,Média Propensão (Foco em Nutrição),2,5,38,23044.0,606.42,2014-12-26,Consumer,Africa
639,Brian DeCherney,0.4105,Média Propensão (Foco em Nutrição),2,49,36,10772.0,299.22,2014-11-12,Consumer,EMEA
640,Craig Reiter,0.4105,Média Propensão (Foco em Nutrição),2,5,35,20848.0,595.66,2014-12-26,Consumer,LATAM
641,Mick Crebagga,0.4104,Média Propensão (Foco em Nutrição),2,41,36,12014.0,333.72,2014-11-20,Consumer,US
642,Rose O'Brian,0.4099,Média Propensão (Foco em Nutrição),2,4,38,21912.0,576.63,2014-12-27,Consumer,APAC
643,Cynthia Arntzen,0.4097,Média Propensão (Foco em Nutrição),2,93,30,19834.0,661.13,2014-09-29,Consumer,US
644,John Murray,0.4095,Média Propensão (Foco em Nutrição),2,68,35,22386.0,639.6,2014-10-24,Consumer,EU
645,Jane Waco,0.4095,Média Propensão (Foco em Nutrição),2,12,40,30288.0,757.2,2014-12-19,Corporate,EU
646,Philisse Overcash,0.4092,Média Propensão (Foco em Nutrição),2,29,33,17984.0,544.97,2014-12-02,Home Office,APAC
647,Noah Childs,0.409,Média Propensão (Foco em Nutrição),2,20,31,17346.0,559.55,2014-12-11,Corporate,APAC
648,Brian Derr,0.4084,Média Propensão (Foco em Nutrição),2,9,34,16917.0,497.56,2014-12-22,Consumer,EU
649,Shahid Hopkins,0.4074,Média Propensão (Foco em Nutrição),2,23,37,12979.0,350.78,2014-12-08,Consumer,APAC
650,Ryan Crowe,0.4073,Média Propensão (Foco em Nutrição),2,22,27,9539.0,353.3,2014-12-09,Consumer,EU
651,Ruben Dartt,0.4073,Média Propensão (Foco em Nutrição),2,32,39,18320.0,469.74,2014-11-29,Consumer,LATAM
652,Harry Marie,0.4071,Média Propensão (Foco em Nutrição),2,1,41,28477.0,694.56,2014-12-30,Corporate,EU
653,Toby Swindell,0.4068,Média Propensão (Foco em Nutrição),2,8,36,18632.0,517.56,2014-12-23,Consumer,LATAM
654,Toby Carlisle,0.4065,Média Propensão (Foco em Nutrição),2,12,34,20126.0,591.94,2014-12-19,Consumer,EU
655,Jack Lebron,0.4062,Média Propensão (Foco em Nutrição),2,8,40,18673.0,466.82,2014-12-23,Consumer,LATAM
656,Todd Sumrall,0.406,Média Propensão (Foco em Nutrição),2,18,37,27775.0,750.68,2014-12-13,Corporate,EU
657,Fred Hopkins,0.4055,Média Propensão (Foco em Nutrição),2,1,39,30404.0,779.59,2014-12-30,Corporate,LATAM
658,Richard Eichhorn,0.4055,Média Propensão (Foco em Nutrição),2,15,30,16340.0,544.67,2014-12-16,Consumer,EMEA
659,Justin Ellison,0.4048,Média Propensão (Foco em Nutrição),2,20,28,12910.0,461.07,2014-12-11,Corporate,APAC
660,Delfina Latchford,0.404,Média Propensão (Foco em Nutrição),2,18,33,20252.0,613.7,2014-12-13,Consumer,EU
661,Denise Leinenbach,0.4039,Média Propensão (Foco em Nutrição),2,12,37,17936.0,484.76,2014-12-19,Consumer,APAC
662,Roy Französisch,0.4033,Média Propensão (Foco em Nutrição),2,6,37,15652.0,423.03,2014-12-25,Consumer,EU
663,Ben Wallace,0.4028,Média Propensão (Foco em Nutrição),2,40,33,14965.0,453.48,2014-11-21,Consumer,APAC
664,Parhena Norris,0.4017,Média Propensão (Foco em Nutrição),2,15,38,12893.0,339.29,2014-12-16,Home Office,APAC
665,Hunter Glantz,0.4008,Média Propensão (Foco em Nutrição),2,6,36,16214.0,450.39,2014-12-25,Consumer,APAC
666,Katherine Murray,0.4007,Média Propensão (Foco em Nutrição),2,2,33,18522.0,561.27,2014-12-29,Home Office,LATAM
667,Helen Andreada,0.4006,Média Propensão (Foco em Nutrição),2,20,31,10414.0,335.94,2014-12-11,Consumer,US
668,Olvera Toch,0.4003,Média Propensão (Foco em Nutrição),2,33,36,19759.0,548.86,2014-11-28,Consumer,EU
669,Maribeth Schnelling,0.4002,Média Propensão (Foco em Nutrição),2,5,39,21681.0,555.92,2014-12-26,Consumer,LATAM
670,Troy Staebel,0.4001,Média Propensão (Foco em Nutrição),2,20,35,22579.0,645.11,2014-12-11,Consumer,LATAM
671,Khloe Miller,0.3995,Baixa Propensão (Foco em Reativação),2,15,32,10973.0,342.91,2014-12-16,Consumer,APAC
672,Sue Ann Reed,0.3983,Baixa Propensão (Foco em Reativação),2,10,40,16494.0,412.35,2014-12-21,Consumer,US
673,Aaron Hawkins,0.3981,Baixa Propensão (Foco em Reativação),2,12,34,20759.0,610.56,2014-12-19,Corporate,LATAM
674,Patrick O'Brill,0.3976,Baixa Propensão (Foco em Reativação),2,4,45,26712.0,593.6,2014-12-27,Consumer,EU
675,Barry Gonzalez,0.397,Baixa Propensão (Foco em Reativação),2,28,34,20023.0,588.91,2014-12-03,Consumer,APAC
676,Jill Fjeld,0.3966,Baixa Propensão (Foco em Reativação),2,1,35,23621.0,674.89,2014-12-30,Consumer,EU
677,Logan Currie,0.3949,Baixa Propensão (Foco em Reativação),2,13,36,16082.0,446.72,2014-12-18,Consumer,EU
678,Juliana Krohn,0.3945,Baixa Propensão (Foco em Reativação),2,8,38,23136.0,608.84,2014-12-23,Consumer,APAC
679,Emily Grady,0.3925,Baixa Propensão (Foco em Reativação),2,22,32,23114.0,722.31,2014-12-09,Consumer,Africa
680,Troy Blackwell,0.3918,Baixa Propensão (Foco em Reativação),2,28,30,9187.0,306.23,2014-12-03,Consumer,APAC
681,Steven Cartwright,0.3917,Baixa Propensão (Foco em Reativação),2,7,37,16918.0,457.24,2014-12-24,Consumer,US
682,Joseph Airdo,0.3906,Baixa Propensão (Foco em Reativação),2,0,32,18169.0,567.78,2014-12-31,Consumer,US
683,Deirdre Greer,0.3904,Baixa Propensão (Foco em Reativação),2,14,34,16715.0,491.62,2014-12-17,Corporate,APAC
684,Art Ferguson,0.3903,Baixa Propensão (Foco em Reativação),2,5,45,28183.0,626.29,2014-12-26,Consumer,APAC
685,Rick Wilson,0.3897,Baixa Propensão (Foco em Reativação),2,26,32,25125.0,785.16,2014-12-05,Corporate,US
686,Cyra Reiten,0.3889,Baixa Propensão (Foco em Reativação),2,55,32,15657.0,489.28,2014-11-06,Home Office,LATAM
687,Lauren Leatherbury,0.3888,Baixa Propensão (Foco em Reativação),2,26,35,14939.0,426.83,2014-12-05,Consumer,Africa
688,Dario Medina,0.3873,Baixa Propensão (Foco em Reativação),2,12,41,22297.0,543.83,2014-12-19,Corporate,LATAM
689,Daniel Raglin,0.3859,Baixa Propensão (Foco em Reativação),2,27,41,27932.0,681.27,2014-12-04,Home Office,APAC
690,Dennis Bolton,0.3851,Baixa Propensão (Foco em Reativação),2,47,30,10610.0,353.67,2014-11-14,Home Office,LATAM
691,Corey Catlett,0.3851,Baixa Propensão (Foco em Reativação),2,16,32,17604.0,550.12,2014-12-15,Corporate,APAC
692,Doug Bickford,0.3836,Baixa Propensão (Foco em Reativação),2,27,32,12855.0,401.72,2014-12-04,Consumer,EU
693,Alan Barnes,0.3834,Baixa Propensão (Foco em Reativação),2,13,35,13053.0,372.94,2014-12-18,Consumer,EU
694,Alice McCarthy,0.383,Baixa Propensão (Foco em Reativação),2,15,39,18765.0,481.15,2014-12-16,Corporate,EU
695,John Lee,0.3827,Baixa Propensão (Foco em Reativação),2,21,37,25979.0,702.14,2014-12-10,Consumer,US
696,Evan Henry,0.3827,Baixa Propensão (Foco em Reativação),2,67,37,16377.0,442.62,2014-10-25,Consumer,APAC
697,David Wiener,0.3827,Baixa Propensão (Foco em Reativação),2,6,30,10930.0,364.33,2014-12-25,Corporate,APAC
698,Peter Fuller,0.3826,Baixa Propensão (Foco em Reativação),2,83,38,29876.0,786.21,2014-10-09,Consumer,APAC
699,Anne McFarland,0.3823,Baixa Propensão (Foco em Reativação),2,25,36,25522.0,708.94,2014-12-06,Consumer,APAC
700,Carol Adams,0.3819,Baixa Propensão (Foco em Reativação),2,18,34,23993.0,705.68,2014-12-13,Corporate,APAC
701,Barry Weirich,0.3819,Baixa Propensão (Foco em Reativação),2,22,23,17440.0,758.26,2014-12-09,Consumer,LATAM
702,Maribeth Dona,0.3814,Baixa Propensão (Foco em Reativação),2,26,36,17829.0,495.25,2014-12-05,Consumer,LATAM
703,Seth Vernon,0.3813,Baixa Propensão (Foco em Reativação),2,87,36,23640.0,656.67,2014-10-05,Consumer,US
704,Henry Goldwyn,0.3809,Baixa Propensão (Foco em Reativação),2,23,39,17168.0,440.21,2014-12-08,Corporate,APAC
705,Christine Phan,0.3808,Baixa Propensão (Foco em Reativação),2,8,34,25157.0,739.91,2014-12-23,Corporate,LATAM
706,Mark Packer,0.3807,Baixa Propensão (Foco em Reativação),2,5,30,12987.0,432.9,2014-12-26,Home Office,LATAM
707,Eric Murdock,0.3803,Baixa Propensão (Foco em Reativação),2,2,45,28085.0,624.11,2014-12-29,Consumer,APAC
708,Paul Stevenson,0.3802,Baixa Propensão (Foco em Reativação),2,27,37,19620.0,530.27,2014-12-04,Home Office,EU
709,Emily Phan,0.3797,Baixa Propensão (Foco em Reativação),2,12,36,16770.0,465.83,2014-12-19,Consumer,US
710,Filia McAdams,0.3795,Baixa Propensão (Foco em Reativação),2,7,37,17287.0,467.22,2014-12-24,Corporate,LATAM
711,Tom Boeckenhauer,0.3794,Baixa Propensão (Foco em Reativação),2,25,35,24480.0,699.43,2014-12-06,Consumer,APAC
712,Robert Waldorf,0.379,Baixa Propensão (Foco em Reativação),2,15,33,12596.0,381.7,2014-12-16,Consumer,APAC
713,Lisa Ryan,0.3787,Baixa Propensão (Foco em Reativação),2,45,35,18799.0,537.11,2014-11-16,Corporate,LATAM
714,Nick Radford,0.378,Baixa Propensão (Foco em Reativação),2,2,34,12891.0,379.15,2014-12-29,Consumer,APAC
715,William Brown,0.3779,Baixa Propensão (Foco em Reativação),2,20,40,16886.0,422.15,2014-12-11,Consumer,US
716,Chad Cunningham,0.3763,Baixa Propensão (Foco em Reativação),1,51,30,12522.0,417.4,2014-11-10,Home Office,EU
717,Jim Kriz,0.375,Baixa Propensão (Foco em Reativação),1,0,30,13071.0,435.7,2014-12-31,Home Office,US
718,Erica Hackney,0.3749,Baixa Propensão (Foco em Reativação),1,33,32,9481.0,296.28,2014-11-28,Consumer,APAC
719,Jamie Frazer,0.3738,Baixa Propensão (Foco em Reativação),1,6,36,20576.0,571.56,2014-12-25,Consumer,APAC
720,Susan Pistek,0.3738,Baixa Propensão (Foco em Reativação),1,6,32,29020.0,906.88,2014-12-25,Consumer,EU
721,Theone Pippenger,0.3735,Baixa Propensão (Foco em Reativação),1,2,43,23965.0,557.33,2014-12-29,Consumer,APAC
722,David Kendrick,0.3734,Baixa Propensão (Foco em Reativação),1,10,36,17559.0,487.75,2014-12-21,Corporate,EMEA
723,Jim Mitchum,0.3718,Baixa Propensão (Foco em Reativação),1,8,42,19899.0,473.79,2014-12-23,Corporate,LATAM
724,Matt Collins,0.3717,Baixa Propensão (Foco em Reativação),1,9,41,17897.0,436.51,2014-12-22,Consumer,APAC
725,Michael Moore,0.3697,Baixa Propensão (Foco em Reativação),1,7,39,21730.0,557.18,2014-12-24,Consumer,LATAM
726,Rob Williams,0.3695,Baixa Propensão (Foco em Reativação),1,77,28,9988.0,356.71,2014-10-15,Corporate,US
727,Alex Russell,0.3686,Baixa Propensão (Foco em Reativação),1,29,35,16469.0,470.54,2014-12-02,Corporate,APAC
728,Paul Prost,0.3684,Baixa Propensão (Foco em Reativação),1,14,33,22247.0,674.15,2014-12-17,Home Office,US
729,Bobby Elias,0.367,Baixa Propensão (Foco em Reativação),1,21,37,18411.0,497.59,2014-12-10,Consumer,APAC
730,Trudy Glocke,0.3667,Baixa Propensão (Foco em Reativação),1,5,42,18883.0,449.6,2014-12-26,Consumer,LATAM
731,Arthur Gainer,0.3666,Baixa Propensão (Foco em Reativação),1,23,33,19871.0,602.15,2014-12-08,Consumer,APAC
732,Ed Jacobs,0.3666,Baixa Propensão (Foco em Reativação),1,49,30,10699.0,356.63,2014-11-12,Consumer,APAC
733,Brad Norvell,0.3655,Baixa Propensão (Foco em Reativação),1,11,36,26200.0,727.78,2014-12-20,Corporate,APAC
734,Alan Schoenberger,0.365,Baixa Propensão (Foco em Reativação),1,2,35,21837.0,623.91,2014-12-29,Corporate,APAC
735,Andrew Roberts,0.3645,Baixa Propensão (Foco em Reativação),1,14,39,16914.0,433.69,2014-12-17,Consumer,APAC
736,Christina DeMoss,0.3644,Baixa Propensão (Foco em Reativação),1,12,31,17986.0,580.19,2014-12-19,Consumer,LATAM
737,Emily Ducich,0.3641,Baixa Propensão (Foco em Reativação),1,15,39,18549.0,475.62,2014-12-16,Home Office,APAC
738,Bill Eplett,0.3638,Baixa Propensão (Foco em Reativação),1,35,42,28480.0,678.1,2014-11-26,Home Office,APAC
739,Adam Bellavance,0.3638,Baixa Propensão (Foco em Reativação),1,35,41,20189.0,492.41,2014-11-26,Home Office,LATAM
740,Erica Smith,0.3631,Baixa Propensão (Foco em Reativação),1,0,39,14719.0,377.41,2014-12-31,Consumer,EU
741,Maxwell Schwartz,0.3617,Baixa Propensão (Foco em Reativação),1,34,42,17928.0,426.86,2014-11-27,Consumer,US
742,Ross Baird,0.3608,Baixa Propensão (Foco em Reativação),1,30,40,19314.0,482.85,2014-12-01,Home Office,LATAM
743,Patrick Gardner,0.358,Baixa Propensão (Foco em Reativação),1,20,41,16481.0,401.98,2014-12-11,Consumer,US
744,Sara Luxemburg,0.3579,Baixa Propensão (Foco em Reativação),1,29,46,16827.0,365.8,2014-12-02,Home Office,LATAM
745,John Huston,0.3576,Baixa Propensão (Foco em Reativação),1,13,38,25947.0,682.82,2014-12-18,Consumer,EU
746,Jason Klamczynski,0.3565,Baixa Propensão (Foco em Reativação),1,77,31,17200.0,554.84,2014-10-15,Corporate,APAC
747,Liz Carlisle,0.3565,Baixa Propensão (Foco em Reativação),1,4,30,20127.0,670.9,2014-12-27,Consumer,LATAM
748,Anna Andreadi,0.3564,Baixa Propensão (Foco em Reativação),1,28,47,17312.0,368.34,2014-12-03,Consumer,APAC
749,Corey Roper,0.3559,Baixa Propensão (Foco em Reativação),1,43,37,22354.0,604.16,2014-11-18,Home Office,APAC
750,Sarah Brown,0.3557,Baixa Propensão (Foco em Reativação),1,74,38,22300.0,586.84,2014-10-18,Consumer,EU
751,Karen Ferguson,0.3549,Baixa Propensão (Foco em Reativação),1,32,30,18267.0,608.9,2014-11-29,Home Office,US
752,Logan Haushalter,0.3545,Baixa Propensão (Foco em Reativação),1,75,37,17288.0,467.24,2014-10-17,Consumer,APAC
753,Eugene Moren,0.3536,Baixa Propensão (Foco em Reativação),1,24,36,23411.0,650.31,2014-12-07,Home Office,APAC
754,Anthony Rawles,0.3527,Baixa Propensão (Foco em Reativação),1,22,45,17339.0,385.31,2014-12-09,Corporate,EU
755,Joseph Holt,0.3523,Baixa Propensão (Foco em Reativação),1,11,45,20939.0,465.31,2014-12-20,Consumer,LATAM
756,Shahid Shariari,0.3519,Baixa Propensão (Foco em Reativação),1,26,37,18107.0,489.38,2014-12-05,Consumer,LATAM
757,Thomas Boland,0.3516,Baixa Propensão (Foco em Reativação),1,39,31,17427.0,562.16,2014-11-22,Corporate,LATAM
758,Christopher Conant,0.3506,Baixa Propensão (Foco em Reativação),1,6,39,35187.0,902.23,2014-12-25,Consumer,APAC
759,Victoria Pisteka,0.3498,Baixa Propensão (Foco em Reativação),1,75,31,18554.0,598.52,2014-10-17,Corporate,APAC
760,Gary Hwang,0.3476,Baixa Propensão (Foco em Reativação),1,18,41,24629.0,600.71,2014-12-13,Consumer,EU
761,Penelope Sewall,0.3467,Baixa Propensão (Foco em Reativação),1,20,33,30083.0,911.61,2014-12-11,Home Office,LATAM
762,Ted Trevino,0.3462,Baixa Propensão (Foco em Reativação),1,14,33,17245.0,522.58,2014-12-17,Consumer,APAC
763,Darrin Martin,0.3455,Baixa Propensão (Foco em Reativação),1,2,36,17733.0,492.58,2014-12-29,Consumer,US
764,Cindy Chapman,0.344,Baixa Propensão (Foco em Reativação),1,16,37,20866.0,563.95,2014-12-15,Consumer,APAC
765,Art Foster,0.344,Baixa Propensão (Foco em Reativação),1,53,37,20064.0,542.27,2014-11-08,Consumer,EU
766,Ashley Jarboe,0.342,Baixa Propensão (Foco em Reativação),1,28,36,15949.0,443.03,2014-12-03,Consumer,APAC
767,Gary McGarr,0.342,Baixa Propensão (Foco em Reativação),1,1,34,16518.0,485.82,2014-12-30,Consumer,APAC
768,Dave Poirier,0.3406,Baixa Propensão (Foco em Reativação),1,6,31,25901.0,835.52,2014-12-25,Corporate,APAC
769,Nathan Gelder,0.3403,Baixa Propensão (Foco em Reativação),1,18,36,22721.0,631.14,2014-12-13,Consumer,EU
770,Patrick O'Donnell,0.3398,Baixa Propensão (Foco em Reativação),1,0,41,24025.0,585.98,2014-12-31,Consumer,LATAM
771,Kristen Hastings,0.3362,Baixa Propensão (Foco em Reativação),1,2,46,19856.0,431.65,2014-12-29,Corporate,EU
772,Liz Preis,0.3326,Baixa Propensão (Foco em Reativação),1,0,30,16611.0,553.7,2014-12-31,Consumer,LATAM
773,Maria Zettner,0.3325,Baixa Propensão (Foco em Reativação),1,21,31,17960.0,579.35,2014-12-10,Home Office,LATAM
774,Clytie Kelty,0.3315,Baixa Propensão (Foco em Reativação),1,43,36,17141.0,476.14,2014-11-18,Consumer,US
775,Denny Ordway,0.3304,Baixa Propensão (Foco em Reativação),1,36,42,18797.0,447.55,2014-11-25,Consumer,LATAM
776,Karen Daniels,0.33,Baixa Propensão (Foco em Reativação),1,36,30,24018.0,800.6,2014-11-25,Consumer,APAC
777,Philip Fox,0.3272,Baixa Propensão (Foco em Reativação),1,34,43,18031.0,419.33,2014-11-27,Consumer,APAC
778,Shahid Collister,0.3267,Baixa Propensão (Foco em Reativação),1,30,41,17678.0,431.17,2014-12-01,Consumer,APAC
779,Dorothy Dickinson,0.3263,Baixa Propensão (Foco em Reativação),1,41,32,11071.0,345.97,2014-11-20,Consumer,EU
780,Henry MacAllister,0.3255,Baixa Propensão (Foco em Reativação),1,25,34,17128.0,503.76,2014-12-06,Consumer,APAC
781,Bobby Trafton,0.3251,Baixa Propensão (Foco em Reativação),1,51,31,10400.0,335.48,2014-11-10,Consumer,EMEA
782,Fred Wasserman,0.3236,Baixa Propensão (Foco em Reativação),1,0,34,18194.0,535.12,2014-12-31,Corporate,APAC
783,Bradley Drucker,0.3216,Baixa Propensão (Foco em Reativação),1,19,30,13142.0,438.07,2014-12-12,Consumer,LATAM
784,Shirley Daniels,0.3212,Baixa Propensão (Foco em Reativação),1,15,40,17959.0,448.98,2014-12-16,Home Office,APAC
785,Katharine Harms,0.32,Baixa Propensão (Foco em Reativação),1,16,39,18414.0,472.15,2014-12-15,Corporate,APAC
786,Kelly Andreada,0.3199,Baixa Propensão (Foco em Reativação),1,16,42,18876.0,449.43,2014-12-15,Consumer,APAC
787,Muhammed Yedwab,0.3181,Baixa Propensão (Foco em Reativação),1,0,39,29644.0,760.1,2014-12-31,Corporate,APAC
788,Michael Dominguez,0.3177,Baixa Propensão (Foco em Reativação),1,36,33,22427.0,679.61,2014-11-25,Corporate,APAC
789,Brosina Hoffman,0.3167,Baixa Propensão (Foco em Reativação),1,23,41,28120.0,685.85,2014-12-08,Consumer,LATAM
790,Jason Fortune-,0.3152,Baixa Propensão (Foco em Reativação),1,56,32,22817.0,713.03,2014-11-05,Consumer,EU
791,Justin Hirsh,0.3065,Baixa Propensão (Foco em Reativação),1,27,40,23918.0,597.95,2014-12-04,Consumer,EU
792,Frank Olsen,0.2983,Baixa Propensão (Foco em Reativação),1,22,47,17775.0,378.19,2014-12-09,Consumer,EU
793,Bryan Mills,0.2935,Baixa Propensão (Foco em Reativação),1,2,45,20689.0,459.76,2014-12-29,Consumer,APAC
794,Brian Stugart,0.2915,Baixa Propensão (Foco em Reativação),1,29,31,22573.0,728.16,2014-12-02,Consumer,LATAM
795,Randy Bradley,0.2766,Baixa Propensão (Foco em Reativação),1,15,40,22898.0,572.45,2014-12-16,Consumer,EU
